return_id,order_id,return_date,return_reason,refund_amount,reverse_logistics_cost,restockable
RET-000001,ORD-000071,2024-05-12,Late Delivery,93.9,49.3,True
RET-000002,ORD-000080,2024-08-09,Wrong Size / Fit,18.37,40.51,True
RET-000003,ORD-000088,2024-08-12,Buyer Remorse,298.91,36.12,True
RET-000004,ORD-000100,2024-04-22,Item Defective,62.44,44.56,False
RET-000005,ORD-000104,2024-06-30,Late Delivery,192.79,40.48,True
RET-000006,ORD-000110,2024-09-21,Item Defective,177.19,36.64,True
RET-000007,ORD-000115,2024-05-18,Wrong Size / Fit,124.98,41.95,True
RET-000008,ORD-000135,2024-09-01,Item Defective,327.1,37.65,True
RET-000009,ORD-000143,2024-06-17,Late Delivery,28.08,41.49,True
RET-000010,ORD-000149,2024-09-29,Item Defective,358.23,51.8,True
RET-000011,ORD-000176,2024-10-05,Wrong Size / Fit,679.69,45.95,True
RET-000012,ORD-000178,2024-04-15,Late Delivery,123.1,48.14,True
RET-000013,ORD-000198,2024-07-06,Late Delivery,356.48,45.33,True
RET-000014,ORD-000231,2024-07-28,Wrong Size / Fit,117.62,46.86,True
RET-000015,ORD-000250,2024-04-15,Wrong Size / Fit,558.4,51.32,True
RET-000016,ORD-000276,2024-06-23,Item Defective,138.9,36.66,False
RET-000017,ORD-000309,2024-05-14,Wrong Size / Fit,382.77,35.58,True
RET-000018,ORD-000314,2024-09-08,Wrong Size / Fit,58.42,39.11,False
RET-000019,ORD-000315,2024-06-28,Late Delivery,185.87,49.9,True
RET-000020,ORD-000338,2024-07-27,Late Delivery,59.23,41.37,True
RET-000021,ORD-000339,2024-09-19,Late Delivery,178.23,45.8,True
RET-000022,ORD-000414,2024-06-12,Late Delivery,295.83,38.66,True
RET-000023,ORD-000433,2024-06-23,Item Defective,191.24,39.1,True
RET-000024,ORD-000438,2024-09-16,Wrong Size / Fit,74.22,39.46,False
RET-000025,ORD-000505,2024-04-13,Item Defective,182.31,41.33,True
RET-000026,ORD-000518,2024-05-29,Wrong Size / Fit,950.19,50.2,True
RET-000027,ORD-000534,2024-10-03,Item Defective,288.01,39.67,True
RET-000028,ORD-000582,2024-09-21,Wrong Size / Fit,26.45,48.01,True
RET-000029,ORD-000613,2024-07-11,Item Defective,80.39,42.11,True
RET-000030,ORD-000616,2024-08-11,Wrong Size / Fit,111.3,51.94,True
RET-000031,ORD-000622,2024-09-15,Wrong Size / Fit,36.81,38.5,True
RET-000032,ORD-000630,2024-07-20,Item Defective,46.05,37.1,True
RET-000033,ORD-000639,2024-10-05,Wrong Size / Fit,108.49,47.81,True
RET-000034,ORD-000651,2024-05-13,Wrong Size / Fit,111.69,39.34,False
RET-000035,ORD-000681,2024-04-25,Late Delivery,31.14,51.37,True
RET-000036,ORD-000685,2024-06-23,Late Delivery,37.22,48.54,False
RET-000037,ORD-000700,2024-04-13,Item Defective,476.04,36.42,True
RET-000038,ORD-000705,2024-09-06,Item Defective,222.97,44.69,False
RET-000039,ORD-000778,2024-05-24,Item Defective,30.81,46.62,True
RET-000040,ORD-000783,2024-08-25,Item Defective,347.1,39.39,True
RET-000041,ORD-000814,2024-05-06,Item Defective,77.8,45.82,True
RET-000042,ORD-000815,2024-07-07,Item Defective,195.0,48.33,True
RET-000043,ORD-000849,2024-07-05,Late Delivery,121.22,45.36,True
RET-000044,ORD-000850,2024-05-28,Wrong Size / Fit,38.19,44.79,True
RET-000045,ORD-000861,2024-07-30,Buyer Remorse,71.29,41.2,True
RET-000046,ORD-000871,2024-10-03,Wrong Size / Fit,255.13,38.06,True
RET-000047,ORD-000888,2024-04-21,Buyer Remorse,281.9,39.82,True
RET-000048,ORD-000891,2024-06-06,Wrong Size / Fit,82.11,51.33,False
RET-000049,ORD-000903,2024-09-22,Wrong Size / Fit,26.55,38.48,True
RET-000050,ORD-000904,2024-05-11,Wrong Size / Fit,377.46,36.36,True
RET-000051,ORD-000907,2024-07-13,Wrong Size / Fit,52.43,51.41,True
RET-000052,ORD-000909,2024-07-10,Wrong Size / Fit,383.39,38.26,True
RET-000053,ORD-000924,2024-07-11,Buyer Remorse,123.91,42.39,True
RET-000054,ORD-000925,2024-08-16,Buyer Remorse,59.23,42.71,True
RET-000055,ORD-000930,2024-04-24,Wrong Size / Fit,78.33,41.24,True
RET-000056,ORD-000944,2024-06-15,Late Delivery,430.49,38.67,True
RET-000057,ORD-001009,2024-08-16,Wrong Size / Fit,379.09,45.44,False
RET-000058,ORD-001073,2024-09-07,Wrong Size / Fit,93.41,38.99,True
RET-000059,ORD-001075,2024-07-03,Wrong Size / Fit,204.01,48.18,True
RET-000060,ORD-001087,2024-07-25,Wrong Size / Fit,346.01,51.57,True
RET-000061,ORD-001127,2024-08-14,Late Delivery,91.13,51.19,True
RET-000062,ORD-001152,2024-05-14,Item Defective,148.84,47.19,True
RET-000063,ORD-001155,2024-06-13,Item Defective,191.75,39.06,False
RET-000064,ORD-001173,2024-06-08,Item Defective,219.66,43.98,True
RET-000065,ORD-001183,2024-04-12,Wrong Size / Fit,906.47,47.84,True
RET-000066,ORD-001239,2024-07-31,Wrong Size / Fit,355.1,49.76,True
RET-000067,ORD-001242,2024-08-13,Wrong Size / Fit,570.72,42.96,True
RET-000068,ORD-001252,2024-06-11,Buyer Remorse,78.16,36.0,True
RET-000069,ORD-001368,2024-04-23,Wrong Size / Fit,93.01,35.97,False
RET-000070,ORD-001377,2024-09-16,Late Delivery,78.37,49.12,True
RET-000071,ORD-001386,2024-05-31,Late Delivery,391.69,42.75,True
RET-000072,ORD-001395,2024-07-29,Wrong Size / Fit,69.07,44.8,True
RET-000073,ORD-001427,2024-05-22,Late Delivery,93.59,47.8,True
RET-000074,ORD-001439,2024-05-22,Late Delivery,299.53,41.17,True
RET-000075,ORD-001445,2024-04-19,Buyer Remorse,359.57,39.8,True
RET-000076,ORD-001447,2024-07-16,Wrong Size / Fit,66.34,51.95,False
RET-000077,ORD-001452,2024-07-20,Wrong Size / Fit,256.36,36.33,True
RET-000078,ORD-001460,2024-06-07,Buyer Remorse,164.73,43.73,True
RET-000079,ORD-001471,2024-10-06,Item Defective,145.28,47.09,False
RET-000080,ORD-001485,2024-07-22,Late Delivery,335.37,49.65,True
RET-000081,ORD-001487,2024-09-26,Item Defective,55.51,45.15,True
RET-000082,ORD-001517,2024-07-26,Wrong Size / Fit,294.26,35.78,True
RET-000083,ORD-001534,2024-06-22,Wrong Size / Fit,151.79,43.49,True
RET-000084,ORD-001540,2024-06-10,Late Delivery,309.78,36.68,True
RET-000085,ORD-001548,2024-07-05,Late Delivery,118.09,38.32,True
RET-000086,ORD-001550,2024-06-30,Buyer Remorse,272.13,38.94,True
RET-000087,ORD-001551,2024-07-26,Wrong Size / Fit,30.18,36.23,True
RET-000088,ORD-001564,2024-07-28,Wrong Size / Fit,180.05,36.2,True
RET-000089,ORD-001576,2024-08-27,Wrong Size / Fit,1105.98,45.42,True
RET-000090,ORD-001596,2024-10-09,Item Defective,343.01,37.94,False
RET-000091,ORD-001626,2024-08-24,Wrong Size / Fit,175.67,36.11,True
RET-000092,ORD-001644,2024-08-21,Item Defective,187.06,36.9,True
RET-000093,ORD-001717,2024-05-11,Wrong Size / Fit,510.23,38.2,True
RET-000094,ORD-001732,2024-08-11,Wrong Size / Fit,107.44,45.13,False
RET-000095,ORD-001760,2024-09-25,Late Delivery,46.16,45.1,True
RET-000096,ORD-001764,2024-04-22,Item Defective,187.6,47.12,True
RET-000097,ORD-001766,2024-06-24,Item Defective,119.05,49.2,False
RET-000098,ORD-001782,2024-04-11,Wrong Size / Fit,132.2,36.39,True
RET-000099,ORD-001806,2024-10-06,Buyer Remorse,69.47,51.94,True
RET-000100,ORD-001820,2024-04-26,Item Defective,151.24,38.68,True
RET-000101,ORD-001834,2024-09-20,Wrong Size / Fit,58.37,44.41,False
RET-000102,ORD-001858,2024-05-27,Item Defective,92.26,41.44,False
RET-000103,ORD-001891,2024-10-02,Buyer Remorse,328.66,46.33,True
RET-000104,ORD-001917,2024-09-21,Item Defective,45.7,40.22,False
RET-000105,ORD-001932,2024-05-23,Item Defective,61.54,51.12,True
RET-000106,ORD-001938,2024-07-21,Buyer Remorse,1045.46,48.6,True
RET-000107,ORD-001952,2024-04-26,Buyer Remorse,858.8,51.01,True
RET-000108,ORD-001966,2024-08-04,Late Delivery,331.94,50.36,False
RET-000109,ORD-002008,2024-06-23,Wrong Size / Fit,446.2,50.44,True
RET-000110,ORD-002068,2024-04-25,Late Delivery,204.46,51.88,True
RET-000111,ORD-002076,2024-10-02,Late Delivery,319.76,48.51,True
RET-000112,ORD-002089,2024-05-12,Wrong Size / Fit,189.54,50.81,True
RET-000113,ORD-002109,2024-05-02,Late Delivery,93.27,46.95,False
RET-000114,ORD-002116,2024-05-04,Wrong Size / Fit,143.7,40.23,True
RET-000115,ORD-002119,2024-06-01,Late Delivery,31.6,43.7,True
RET-000116,ORD-002146,2024-05-01,Item Defective,47.34,43.86,True
RET-000117,ORD-002147,2024-06-29,Buyer Remorse,136.83,44.17,True
RET-000118,ORD-002160,2024-06-08,Wrong Size / Fit,1008.37,46.74,True
RET-000119,ORD-002170,2024-08-05,Late Delivery,556.92,44.95,True
RET-000120,ORD-002199,2024-08-12,Wrong Size / Fit,78.48,47.15,True
RET-000121,ORD-002211,2024-08-16,Item Defective,378.16,40.23,True
RET-000122,ORD-002214,2024-07-02,Item Defective,250.86,48.72,False
RET-000123,ORD-002224,2024-10-09,Late Delivery,168.24,36.75,True
RET-000124,ORD-002252,2024-06-12,Late Delivery,138.58,37.06,True
RET-000125,ORD-002279,2024-07-10,Wrong Size / Fit,30.89,45.3,True
RET-000126,ORD-002281,2024-09-18,Buyer Remorse,25.51,45.66,True
RET-000127,ORD-002283,2024-09-28,Wrong Size / Fit,725.74,38.78,True
RET-000128,ORD-002342,2024-07-01,Late Delivery,44.09,36.18,True
RET-000129,ORD-002369,2024-04-19,Item Defective,280.25,45.56,True
RET-000130,ORD-002395,2024-07-14,Wrong Size / Fit,61.56,42.82,True
RET-000131,ORD-002431,2024-05-12,Item Defective,92.38,44.08,True
RET-000132,ORD-002457,2024-08-29,Wrong Size / Fit,137.23,37.52,True
RET-000133,ORD-002467,2024-05-18,Wrong Size / Fit,18.89,38.4,True
RET-000134,ORD-002474,2024-08-19,Wrong Size / Fit,106.4,42.85,True
RET-000135,ORD-002495,2024-06-01,Item Defective,406.95,35.98,True
RET-000136,ORD-002507,2024-06-01,Buyer Remorse,375.94,48.76,True
RET-000137,ORD-002527,2024-05-23,Wrong Size / Fit,97.94,38.87,True
RET-000138,ORD-002538,2024-08-24,Buyer Remorse,66.14,37.48,True
RET-000139,ORD-002574,2024-08-04,Late Delivery,319.26,51.58,True
RET-000140,ORD-002576,2024-08-08,Item Defective,89.39,38.41,True
RET-000141,ORD-002591,2024-04-21,Item Defective,27.07,35.51,True
RET-000142,ORD-002602,2024-05-07,Item Defective,273.89,46.04,True
RET-000143,ORD-002615,2024-09-18,Wrong Size / Fit,173.85,51.94,True
RET-000144,ORD-002617,2024-09-28,Wrong Size / Fit,356.52,38.79,True
RET-000145,ORD-002646,2024-07-24,Buyer Remorse,257.65,51.56,False
RET-000146,ORD-002649,2024-07-11,Late Delivery,14.94,51.75,True
RET-000147,ORD-002667,2024-08-30,Item Defective,1005.76,38.23,True
RET-000148,ORD-002693,2024-07-07,Item Defective,386.06,51.56,True
RET-000149,ORD-002697,2024-04-28,Buyer Remorse,1231.16,46.55,True
RET-000150,ORD-002721,2024-07-12,Item Defective,121.49,44.06,True
RET-000151,ORD-002732,2024-09-18,Wrong Size / Fit,79.65,47.21,True
RET-000152,ORD-002741,2024-04-20,Item Defective,153.33,39.13,True
RET-000153,ORD-002749,2024-05-25,Wrong Size / Fit,243.88,43.43,False
RET-000154,ORD-002753,2024-05-03,Late Delivery,83.77,41.59,True
RET-000155,ORD-002770,2024-05-11,Item Defective,390.18,40.62,False
RET-000156,ORD-002792,2024-04-29,Buyer Remorse,81.72,38.62,True
RET-000157,ORD-002813,2024-05-15,Item Defective,269.08,39.25,True
RET-000158,ORD-002821,2024-04-07,Wrong Size / Fit,165.75,47.66,True
RET-000159,ORD-002833,2024-06-22,Buyer Remorse,153.72,41.98,True
RET-000160,ORD-002836,2024-04-24,Wrong Size / Fit,984.3,48.92,True
RET-000161,ORD-002842,2024-09-02,Wrong Size / Fit,75.08,50.49,True
RET-000162,ORD-002845,2024-04-21,Buyer Remorse,947.53,38.37,True
RET-000163,ORD-002862,2024-06-03,Late Delivery,152.29,40.63,True
RET-000164,ORD-002872,2024-08-02,Item Defective,1053.04,42.57,True
RET-000165,ORD-002873,2024-09-01,Buyer Remorse,26.79,45.36,True
RET-000166,ORD-002904,2024-07-24,Buyer Remorse,167.1,47.54,True
RET-000167,ORD-002952,2024-06-01,Item Defective,125.01,47.84,True
RET-000168,ORD-002981,2024-08-26,Late Delivery,59.53,40.88,False
RET-000169,ORD-003025,2024-06-19,Item Defective,418.44,44.32,False
RET-000170,ORD-003048,2024-04-29,Item Defective,43.41,47.47,False
RET-000171,ORD-003060,2024-05-01,Item Defective,56.62,42.78,True
RET-000172,ORD-003070,2024-06-11,Item Defective,174.68,46.16,True
RET-000173,ORD-003075,2024-06-14,Wrong Size / Fit,31.51,37.55,True
RET-000174,ORD-003089,2024-04-15,Wrong Size / Fit,127.27,51.76,True
RET-000175,ORD-003106,2024-08-21,Item Defective,80.44,40.18,False
RET-000176,ORD-003121,2024-04-22,Wrong Size / Fit,78.31,50.09,True
RET-000177,ORD-003214,2024-05-08,Wrong Size / Fit,94.43,42.73,True
RET-000178,ORD-003220,2024-05-05,Wrong Size / Fit,94.61,46.73,True
RET-000179,ORD-003234,2024-09-26,Item Defective,30.6,51.19,True
RET-000180,ORD-003241,2024-06-30,Item Defective,630.73,48.65,True
RET-000181,ORD-003298,2024-06-19,Late Delivery,259.37,51.8,False
RET-000182,ORD-003347,2024-04-16,Late Delivery,127.66,43.67,True
RET-000183,ORD-003372,2024-09-05,Wrong Size / Fit,55.0,49.05,True
RET-000184,ORD-003379,2024-06-06,Wrong Size / Fit,521.11,41.86,False
RET-000185,ORD-003428,2024-04-28,Wrong Size / Fit,184.96,44.47,False
RET-000186,ORD-003454,2024-07-28,Item Defective,158.99,43.68,True
RET-000187,ORD-003492,2024-08-25,Wrong Size / Fit,137.61,49.51,True
RET-000188,ORD-003497,2024-08-19,Item Defective,440.93,41.47,True
RET-000189,ORD-003528,2024-09-01,Buyer Remorse,52.87,36.64,False
RET-000190,ORD-003539,2024-05-02,Wrong Size / Fit,269.89,49.53,True
RET-000191,ORD-003571,2024-07-27,Wrong Size / Fit,29.76,39.0,False
RET-000192,ORD-003581,2024-09-23,Item Defective,440.22,39.3,True
RET-000193,ORD-003587,2024-09-15,Wrong Size / Fit,261.19,50.56,True
RET-000194,ORD-003641,2024-09-17,Item Defective,58.43,51.23,True
RET-000195,ORD-003650,2024-08-19,Wrong Size / Fit,41.6,49.14,True
RET-000196,ORD-003669,2024-09-26,Wrong Size / Fit,151.73,46.58,True
RET-000197,ORD-003695,2024-05-14,Item Defective,15.67,50.38,True
RET-000198,ORD-003715,2024-05-30,Wrong Size / Fit,271.99,46.01,True
RET-000199,ORD-003718,2024-09-02,Late Delivery,120.75,35.63,True
RET-000200,ORD-003743,2024-06-11,Wrong Size / Fit,82.8,45.89,True
RET-000201,ORD-003753,2024-06-20,Item Defective,108.38,42.58,False
RET-000202,ORD-003798,2024-04-29,Wrong Size / Fit,471.81,39.34,True
RET-000203,ORD-003806,2024-09-07,Item Defective,154.77,41.46,True
RET-000204,ORD-003837,2024-08-08,Late Delivery,36.43,49.66,True
RET-000205,ORD-003863,2024-09-24,Late Delivery,183.09,36.09,True
RET-000206,ORD-003871,2024-08-14,Wrong Size / Fit,52.74,49.82,True
RET-000207,ORD-003891,2024-06-15,Wrong Size / Fit,490.82,36.12,True
RET-000208,ORD-003897,2024-06-12,Item Defective,55.92,35.07,True
RET-000209,ORD-003916,2024-06-24,Wrong Size / Fit,144.1,35.71,True
RET-000210,ORD-003966,2024-04-30,Item Defective,81.81,35.26,True
RET-000211,ORD-004000,2024-06-20,Item Defective,192.16,38.64,True
RET-000212,ORD-004028,2024-09-19,Wrong Size / Fit,111.49,37.66,True
RET-000213,ORD-004095,2024-09-25,Wrong Size / Fit,60.65,48.52,True
RET-000214,ORD-004120,2024-04-28,Item Defective,196.16,43.38,True
RET-000215,ORD-004132,2024-07-21,Item Defective,54.42,43.55,True
RET-000216,ORD-004179,2024-09-05,Wrong Size / Fit,60.19,35.42,True
RET-000217,ORD-004182,2024-08-27,Wrong Size / Fit,163.36,43.08,True
RET-000218,ORD-004183,2024-10-09,Late Delivery,113.58,37.01,True
RET-000219,ORD-004218,2024-08-18,Late Delivery,17.99,50.27,False
RET-000220,ORD-004262,2024-07-18,Late Delivery,38.22,45.18,True
RET-000221,ORD-004268,2024-05-20,Late Delivery,57.22,41.29,True
RET-000222,ORD-004279,2024-07-08,Item Defective,191.16,37.41,False
RET-000223,ORD-004282,2024-04-29,Wrong Size / Fit,468.54,50.1,False
RET-000224,ORD-004328,2024-08-13,Wrong Size / Fit,272.16,49.02,True
RET-000225,ORD-004338,2024-06-13,Wrong Size / Fit,75.77,48.01,True
RET-000226,ORD-004400,2024-06-24,Wrong Size / Fit,401.51,40.9,True
RET-000227,ORD-004419,2024-10-04,Buyer Remorse,53.74,44.6,True
RET-000228,ORD-004424,2024-04-19,Item Defective,128.97,38.99,True
RET-000229,ORD-004439,2024-05-20,Item Defective,64.11,47.95,False
RET-000230,ORD-004440,2024-09-06,Item Defective,200.92,50.57,True
RET-000231,ORD-004441,2024-08-02,Wrong Size / Fit,319.54,42.82,True
RET-000232,ORD-004471,2024-05-25,Wrong Size / Fit,428.92,40.93,False
RET-000233,ORD-004609,2024-08-30,Wrong Size / Fit,248.31,51.8,True
RET-000234,ORD-004611,2024-08-17,Late Delivery,314.67,35.89,True
RET-000235,ORD-004631,2024-05-04,Item Defective,30.95,49.41,True
RET-000236,ORD-004643,2024-07-13,Wrong Size / Fit,39.04,42.69,True
RET-000237,ORD-004665,2024-04-08,Late Delivery,202.52,48.76,False
RET-000238,ORD-004672,2024-06-20,Wrong Size / Fit,166.54,50.56,False
RET-000239,ORD-004692,2024-09-13,Item Defective,71.29,41.64,True
RET-000240,ORD-004709,2024-04-15,Buyer Remorse,83.8,48.05,True
RET-000241,ORD-004730,2024-07-23,Wrong Size / Fit,178.54,48.04,True
RET-000242,ORD-004733,2024-09-13,Item Defective,17.84,37.42,True
RET-000243,ORD-004743,2024-09-23,Item Defective,87.39,35.32,True
RET-000244,ORD-004864,2024-09-23,Late Delivery,29.35,44.33,False
RET-000245,ORD-004866,2024-04-18,Wrong Size / Fit,443.45,43.09,False
RET-000246,ORD-004875,2024-06-12,Wrong Size / Fit,573.39,48.91,True
RET-000247,ORD-004876,2024-09-03,Item Defective,26.15,46.04,True
RET-000248,ORD-004918,2024-05-29,Wrong Size / Fit,201.15,35.35,True
RET-000249,ORD-004931,2024-04-30,Wrong Size / Fit,37.3,43.26,True
RET-000250,ORD-004951,2024-09-20,Wrong Size / Fit,35.77,40.55,True
RET-000251,ORD-004965,2024-09-09,Buyer Remorse,122.17,37.55,True
RET-000252,ORD-004978,2024-06-05,Wrong Size / Fit,412.39,39.47,True
RET-000253,ORD-004984,2024-08-10,Late Delivery,100.97,38.74,True
RET-000254,ORD-004991,2024-05-29,Wrong Size / Fit,85.44,35.02,True
RET-000255,ORD-005017,2024-06-20,Wrong Size / Fit,182.5,37.91,True
RET-000256,ORD-005048,2024-06-02,Wrong Size / Fit,453.83,50.9,True
RET-000257,ORD-005052,2024-10-02,Late Delivery,26.02,41.91,True
RET-000258,ORD-005054,2024-06-26,Buyer Remorse,61.02,44.69,True
RET-000259,ORD-005072,2024-07-26,Wrong Size / Fit,71.37,37.36,True
RET-000260,ORD-005110,2024-06-24,Wrong Size / Fit,43.86,50.71,True
RET-000261,ORD-005153,2024-09-17,Wrong Size / Fit,120.13,40.89,True
RET-000262,ORD-005179,2024-09-21,Late Delivery,58.69,49.55,True
RET-000263,ORD-005191,2024-09-01,Item Defective,177.07,42.31,True
RET-000264,ORD-005200,2024-05-13,Buyer Remorse,48.28,51.62,True
RET-000265,ORD-005218,2024-05-28,Item Defective,152.32,36.23,True
RET-000266,ORD-005234,2024-08-20,Late Delivery,60.4,40.03,True
RET-000267,ORD-005253,2024-07-12,Item Defective,161.51,45.94,True
RET-000268,ORD-005295,2024-05-13,Wrong Size / Fit,988.72,44.69,False
RET-000269,ORD-005313,2024-08-02,Wrong Size / Fit,436.18,44.95,True
RET-000270,ORD-005321,2024-09-05,Item Defective,18.59,38.58,True
RET-000271,ORD-005326,2024-04-25,Item Defective,114.09,46.13,True
RET-000272,ORD-005338,2024-09-05,Wrong Size / Fit,176.83,43.84,True
RET-000273,ORD-005388,2024-08-23,Late Delivery,80.32,38.23,True
RET-000274,ORD-005446,2024-05-17,Wrong Size / Fit,138.24,47.76,True
RET-000275,ORD-005460,2024-09-29,Late Delivery,18.32,48.37,True
RET-000276,ORD-005466,2024-07-20,Wrong Size / Fit,132.28,42.69,True
RET-000277,ORD-005469,2024-05-29,Wrong Size / Fit,15.66,41.44,True
RET-000278,ORD-005515,2024-08-13,Wrong Size / Fit,29.8,38.13,True
RET-000279,ORD-005538,2024-08-01,Wrong Size / Fit,17.99,42.69,True
RET-000280,ORD-005568,2024-05-06,Wrong Size / Fit,413.18,37.76,True
RET-000281,ORD-005578,2024-07-24,Late Delivery,86.57,44.4,True
RET-000282,ORD-005614,2024-07-25,Buyer Remorse,110.69,45.88,True
RET-000283,ORD-005673,2024-04-25,Item Defective,124.17,38.95,True
RET-000284,ORD-005703,2024-06-29,Item Defective,383.48,35.08,True
RET-000285,ORD-005711,2024-06-25,Wrong Size / Fit,27.12,48.7,True
RET-000286,ORD-005712,2024-08-23,Item Defective,266.05,47.58,False
RET-000287,ORD-005720,2024-04-19,Wrong Size / Fit,1198.18,50.42,False
RET-000288,ORD-005721,2024-07-20,Wrong Size / Fit,40.14,42.83,True
RET-000289,ORD-005732,2024-08-23,Late Delivery,36.35,45.55,False
RET-000290,ORD-005733,2024-05-05,Wrong Size / Fit,82.6,42.51,False
RET-000291,ORD-005743,2024-06-08,Buyer Remorse,565.68,39.36,False
RET-000292,ORD-005749,2024-09-15,Late Delivery,113.45,49.11,True
RET-000293,ORD-005783,2024-05-05,Buyer Remorse,240.53,43.18,True
RET-000294,ORD-005807,2024-10-02,Late Delivery,26.5,49.89,True
RET-000295,ORD-005826,2024-07-18,Item Defective,217.78,35.96,True
RET-000296,ORD-005833,2024-07-16,Late Delivery,129.0,51.99,True
RET-000297,ORD-005889,2024-09-23,Wrong Size / Fit,228.76,35.99,True
RET-000298,ORD-005938,2024-08-20,Item Defective,119.91,51.15,False
RET-000299,ORD-005985,2024-06-24,Late Delivery,331.2,47.69,True
RET-000300,ORD-006000,2024-05-02,Buyer Remorse,354.77,51.23,True
RET-000301,ORD-006003,2024-10-01,Item Defective,69.79,46.28,True
RET-000302,ORD-006042,2024-04-20,Late Delivery,62.97,42.42,True
RET-000303,ORD-006070,2024-06-05,Item Defective,153.08,37.45,True
RET-000304,ORD-006106,2024-04-21,Wrong Size / Fit,131.52,39.33,False
RET-000305,ORD-006119,2024-08-12,Wrong Size / Fit,601.68,48.63,True
RET-000306,ORD-006121,2024-05-01,Wrong Size / Fit,352.58,51.11,True
RET-000307,ORD-006122,2024-05-06,Late Delivery,73.77,42.31,True
RET-000308,ORD-006132,2024-04-22,Wrong Size / Fit,289.56,40.47,False
RET-000309,ORD-006150,2024-07-26,Late Delivery,172.94,50.44,True
RET-000310,ORD-006154,2024-06-01,Wrong Size / Fit,224.4,35.84,True
RET-000311,ORD-006156,2024-04-14,Late Delivery,178.94,39.61,True
RET-000312,ORD-006161,2024-08-07,Late Delivery,81.25,39.73,False
RET-000313,ORD-006231,2024-05-07,Item Defective,123.15,44.42,True
RET-000314,ORD-006236,2024-08-09,Wrong Size / Fit,285.1,43.72,True
RET-000315,ORD-006237,2024-09-28,Wrong Size / Fit,878.36,47.94,True
RET-000316,ORD-006243,2024-09-16,Wrong Size / Fit,118.71,46.76,True
RET-000317,ORD-006290,2024-08-26,Late Delivery,452.78,49.4,True
RET-000318,ORD-006350,2024-04-24,Wrong Size / Fit,91.89,35.65,False
RET-000319,ORD-006353,2024-09-26,Late Delivery,38.76,46.58,False
RET-000320,ORD-006354,2024-07-05,Item Defective,57.02,48.39,True
RET-000321,ORD-006375,2024-06-17,Wrong Size / Fit,44.04,39.09,True
RET-000322,ORD-006383,2024-09-26,Item Defective,242.53,36.41,True
RET-000323,ORD-006399,2024-04-22,Late Delivery,349.48,40.81,True
RET-000324,ORD-006434,2024-08-14,Item Defective,158.65,39.18,True
RET-000325,ORD-006449,2024-05-05,Wrong Size / Fit,189.95,49.66,True
RET-000326,ORD-006452,2024-09-27,Late Delivery,259.51,42.96,True
RET-000327,ORD-006558,2024-05-15,Item Defective,104.39,37.6,True
RET-000328,ORD-006573,2024-07-26,Wrong Size / Fit,148.58,49.19,True
RET-000329,ORD-006578,2024-07-08,Wrong Size / Fit,1047.62,42.19,True
RET-000330,ORD-006606,2024-08-14,Wrong Size / Fit,152.64,37.32,True
RET-000331,ORD-006664,2024-08-08,Late Delivery,121.03,46.46,True
RET-000332,ORD-006698,2024-09-05,Late Delivery,255.91,41.61,True
RET-000333,ORD-006702,2024-04-30,Wrong Size / Fit,37.97,38.1,True
RET-000334,ORD-006706,2024-04-27,Wrong Size / Fit,155.08,35.06,True
RET-000335,ORD-006734,2024-04-11,Buyer Remorse,291.53,41.61,True
RET-000336,ORD-006747,2024-06-10,Item Defective,184.56,45.32,True
RET-000337,ORD-006761,2024-05-06,Wrong Size / Fit,185.19,50.97,False
RET-000338,ORD-006794,2024-07-23,Wrong Size / Fit,54.92,40.95,True
RET-000339,ORD-006795,2024-08-29,Wrong Size / Fit,157.05,48.7,True
RET-000340,ORD-006805,2024-05-15,Late Delivery,514.99,41.04,False
RET-000341,ORD-006811,2024-05-30,Buyer Remorse,400.71,48.0,False
RET-000342,ORD-006825,2024-08-17,Wrong Size / Fit,120.37,35.7,True
RET-000343,ORD-006841,2024-06-14,Late Delivery,114.29,37.75,False
RET-000344,ORD-006849,2024-04-30,Wrong Size / Fit,192.44,35.12,False
RET-000345,ORD-006856,2024-09-24,Late Delivery,207.2,41.1,True
RET-000346,ORD-006876,2024-08-26,Wrong Size / Fit,138.69,36.74,True
RET-000347,ORD-006896,2024-08-06,Late Delivery,192.1,39.92,True
RET-000348,ORD-006904,2024-05-07,Wrong Size / Fit,534.78,39.22,True
RET-000349,ORD-006919,2024-06-10,Item Defective,82.92,51.35,True
RET-000350,ORD-006920,2024-07-01,Item Defective,187.28,40.77,False
RET-000351,ORD-006941,2024-04-21,Item Defective,905.06,39.74,True
RET-000352,ORD-006957,2024-08-01,Buyer Remorse,873.76,38.9,True
RET-000353,ORD-007003,2024-09-10,Buyer Remorse,234.1,48.14,True
RET-000354,ORD-007014,2024-05-04,Item Defective,44.18,38.33,True
RET-000355,ORD-007038,2024-05-15,Item Defective,52.08,39.69,True
RET-000356,ORD-007074,2024-09-11,Late Delivery,307.32,46.27,True
RET-000357,ORD-007115,2024-06-22,Buyer Remorse,186.28,40.03,True
RET-000358,ORD-007118,2024-07-19,Wrong Size / Fit,55.2,39.96,True
RET-000359,ORD-007149,2024-08-01,Wrong Size / Fit,138.85,46.02,True
RET-000360,ORD-007166,2024-06-23,Item Defective,143.2,37.97,False
RET-000361,ORD-007169,2024-09-27,Late Delivery,236.87,39.17,True
RET-000362,ORD-007176,2024-06-20,Item Defective,312.25,40.46,True
RET-000363,ORD-007180,2024-09-17,Buyer Remorse,39.94,50.51,True
RET-000364,ORD-007213,2024-07-27,Item Defective,193.42,35.33,True
RET-000365,ORD-007273,2024-07-18,Wrong Size / Fit,165.01,42.46,True
RET-000366,ORD-007285,2024-09-05,Item Defective,906.96,44.22,True
RET-000367,ORD-007288,2024-07-25,Item Defective,473.63,36.52,True
RET-000368,ORD-007294,2024-05-11,Item Defective,47.73,37.86,False
RET-000369,ORD-007301,2024-05-10,Wrong Size / Fit,297.7,50.2,True
RET-000370,ORD-007398,2024-04-14,Buyer Remorse,425.28,50.82,True
RET-000371,ORD-007437,2024-06-19,Wrong Size / Fit,111.05,38.35,True
RET-000372,ORD-007456,2024-05-26,Item Defective,103.09,45.07,False
RET-000373,ORD-007462,2024-08-30,Late Delivery,306.87,45.53,True
RET-000374,ORD-007476,2024-07-10,Late Delivery,140.95,38.53,True
RET-000375,ORD-007495,2024-09-03,Item Defective,151.43,51.48,True
RET-000376,ORD-007509,2024-08-24,Wrong Size / Fit,81.08,37.23,True
RET-000377,ORD-007524,2024-04-20,Wrong Size / Fit,313.66,44.6,True
RET-000378,ORD-007543,2024-07-13,Late Delivery,291.51,49.3,True
RET-000379,ORD-007548,2024-06-06,Item Defective,63.51,36.44,True
RET-000380,ORD-007606,2024-07-05,Item Defective,54.89,41.6,True
RET-000381,ORD-007634,2024-08-22,Wrong Size / Fit,874.9,44.44,True
RET-000382,ORD-007637,2024-10-02,Wrong Size / Fit,352.06,47.15,True
RET-000383,ORD-007671,2024-08-28,Wrong Size / Fit,301.93,50.62,True
RET-000384,ORD-007721,2024-05-30,Buyer Remorse,126.16,36.02,True
RET-000385,ORD-007731,2024-08-30,Item Defective,26.58,45.88,True
RET-000386,ORD-007732,2024-09-09,Item Defective,51.46,38.48,True
RET-000387,ORD-007734,2024-09-15,Late Delivery,80.44,50.07,True
RET-000388,ORD-007800,2024-07-06,Item Defective,81.06,51.93,True
RET-000389,ORD-007815,2024-05-01,Wrong Size / Fit,743.57,43.98,True
RET-000390,ORD-007818,2024-08-12,Wrong Size / Fit,237.67,44.39,False
RET-000391,ORD-007833,2024-10-03,Wrong Size / Fit,27.06,44.57,True
RET-000392,ORD-007837,2024-09-04,Wrong Size / Fit,30.66,51.05,True
RET-000393,ORD-007839,2024-05-04,Wrong Size / Fit,274.55,45.8,True
RET-000394,ORD-007847,2024-04-14,Item Defective,186.87,50.73,True
RET-000395,ORD-007858,2024-07-07,Wrong Size / Fit,88.71,44.39,True
RET-000396,ORD-007860,2024-06-04,Late Delivery,190.27,35.65,True
RET-000397,ORD-007862,2024-08-15,Wrong Size / Fit,305.76,35.33,True
RET-000398,ORD-007875,2024-04-26,Wrong Size / Fit,501.39,49.45,True
RET-000399,ORD-007932,2024-06-18,Item Defective,212.92,47.84,True
RET-000400,ORD-007935,2024-08-21,Item Defective,174.58,38.09,True
RET-000401,ORD-007950,2024-07-14,Item Defective,201.88,49.61,True
RET-000402,ORD-007983,2024-09-20,Late Delivery,25.81,37.95,True
RET-000403,ORD-007998,2024-05-28,Wrong Size / Fit,50.8,43.41,True
RET-000404,ORD-008001,2024-06-16,Wrong Size / Fit,28.1,36.53,True
RET-000405,ORD-008009,2024-07-01,Item Defective,260.71,37.47,True
RET-000406,ORD-008017,2024-05-10,Wrong Size / Fit,91.88,45.7,True
RET-000407,ORD-008022,2024-04-19,Wrong Size / Fit,242.76,41.31,True
RET-000408,ORD-008029,2024-05-19,Wrong Size / Fit,136.18,36.84,True
RET-000409,ORD-008033,2024-04-19,Wrong Size / Fit,1031.34,49.07,False
RET-000410,ORD-008039,2024-10-05,Late Delivery,513.8,50.95,True
RET-000411,ORD-008078,2024-04-25,Late Delivery,474.08,50.57,True
RET-000412,ORD-008110,2024-08-25,Wrong Size / Fit,44.67,40.88,True
RET-000413,ORD-008118,2024-07-07,Item Defective,390.64,42.03,True
RET-000414,ORD-008126,2024-09-01,Wrong Size / Fit,79.99,44.32,True
RET-000415,ORD-008132,2024-07-17,Late Delivery,1236.82,44.81,True
RET-000416,ORD-008135,2024-08-24,Item Defective,112.38,39.82,True
RET-000417,ORD-008204,2024-05-31,Wrong Size / Fit,30.97,47.27,True
RET-000418,ORD-008220,2024-07-30,Late Delivery,163.77,36.15,True
RET-000419,ORD-008300,2024-10-01,Wrong Size / Fit,38.63,46.35,True
RET-000420,ORD-008335,2024-09-25,Buyer Remorse,174.87,38.52,True
RET-000421,ORD-008345,2024-06-21,Late Delivery,182.95,48.41,True
RET-000422,ORD-008393,2024-04-22,Late Delivery,132.99,41.89,False
RET-000423,ORD-008411,2024-09-01,Late Delivery,87.67,39.33,True
RET-000424,ORD-008480,2024-08-11,Item Defective,233.15,45.63,True
RET-000425,ORD-008524,2024-05-07,Wrong Size / Fit,40.41,47.96,True
RET-000426,ORD-008547,2024-09-28,Wrong Size / Fit,81.34,37.17,True
RET-000427,ORD-008576,2024-09-20,Item Defective,45.07,36.64,True
RET-000428,ORD-008614,2024-04-12,Late Delivery,56.36,49.15,True
RET-000429,ORD-008619,2024-09-14,Wrong Size / Fit,429.33,36.52,True
RET-000430,ORD-008624,2024-06-14,Buyer Remorse,239.9,40.67,True
RET-000431,ORD-008662,2024-05-03,Wrong Size / Fit,128.5,36.85,False
RET-000432,ORD-008713,2024-06-01,Wrong Size / Fit,138.69,49.35,True
RET-000433,ORD-008746,2024-09-07,Wrong Size / Fit,164.86,47.56,True
RET-000434,ORD-008753,2024-08-24,Wrong Size / Fit,39.81,39.42,True
RET-000435,ORD-008757,2024-09-25,Late Delivery,83.47,50.51,True
RET-000436,ORD-008793,2024-09-12,Item Defective,56.41,39.65,True
RET-000437,ORD-008822,2024-04-26,Buyer Remorse,210.5,51.77,True
RET-000438,ORD-008824,2024-04-27,Wrong Size / Fit,296.45,41.14,True
RET-000439,ORD-008839,2024-05-21,Late Delivery,54.21,41.7,True
RET-000440,ORD-008845,2024-10-07,Buyer Remorse,228.67,46.57,True
RET-000441,ORD-008862,2024-04-28,Wrong Size / Fit,510.94,43.96,True
RET-000442,ORD-008870,2024-09-14,Wrong Size / Fit,986.45,50.14,True
RET-000443,ORD-008904,2024-09-09,Wrong Size / Fit,138.75,41.42,True
RET-000444,ORD-008918,2024-09-30,Wrong Size / Fit,93.86,35.07,True
RET-000445,ORD-008934,2024-09-18,Late Delivery,79.26,38.16,True
RET-000446,ORD-008963,2024-07-03,Wrong Size / Fit,423.94,44.14,True
RET-000447,ORD-009007,2024-04-27,Wrong Size / Fit,442.76,43.14,True
RET-000448,ORD-009013,2024-09-02,Item Defective,35.59,48.88,True
RET-000449,ORD-009040,2024-04-14,Buyer Remorse,446.56,38.87,True
RET-000450,ORD-009066,2024-09-18,Wrong Size / Fit,36.14,40.18,True
RET-000451,ORD-009100,2024-08-10,Item Defective,70.34,51.15,True
RET-000452,ORD-009103,2024-08-15,Wrong Size / Fit,78.37,43.08,True
RET-000453,ORD-009104,2024-08-14,Item Defective,116.79,43.28,True
RET-000454,ORD-009106,2024-09-30,Late Delivery,84.24,47.04,True
RET-000455,ORD-009132,2024-08-16,Buyer Remorse,116.41,36.92,True
RET-000456,ORD-009134,2024-09-04,Wrong Size / Fit,880.43,43.08,True
RET-000457,ORD-009135,2024-09-24,Buyer Remorse,159.15,40.26,True
RET-000458,ORD-009175,2024-09-09,Wrong Size / Fit,57.72,48.51,True
RET-000459,ORD-009225,2024-08-12,Late Delivery,39.14,47.69,True
RET-000460,ORD-009229,2024-10-05,Late Delivery,80.56,49.28,True
RET-000461,ORD-009247,2024-09-17,Wrong Size / Fit,512.18,46.88,True
RET-000462,ORD-009252,2024-06-11,Wrong Size / Fit,506.14,40.18,True
RET-000463,ORD-009260,2024-09-01,Late Delivery,90.19,51.94,True
RET-000464,ORD-009270,2024-10-08,Item Defective,60.18,42.44,True
RET-000465,ORD-009316,2024-05-05,Buyer Remorse,247.26,46.87,True
RET-000466,ORD-009322,2024-08-15,Item Defective,165.17,47.46,True
RET-000467,ORD-009326,2024-07-09,Buyer Remorse,50.96,44.46,True
RET-000468,ORD-009336,2024-04-23,Wrong Size / Fit,19.16,43.91,True
RET-000469,ORD-009358,2024-04-26,Item Defective,321.79,36.14,False
RET-000470,ORD-009366,2024-05-02,Item Defective,57.4,37.01,True
RET-000471,ORD-009390,2024-04-19,Late Delivery,381.49,41.43,True
RET-000472,ORD-009405,2024-10-02,Late Delivery,532.25,51.42,True
RET-000473,ORD-009414,2024-05-23,Buyer Remorse,467.02,48.18,True
RET-000474,ORD-009424,2024-08-02,Late Delivery,368.3,48.9,False
RET-000475,ORD-009437,2024-07-24,Late Delivery,156.62,40.28,True
RET-000476,ORD-009484,2024-05-19,Item Defective,988.08,42.24,False
RET-000477,ORD-009499,2024-05-10,Item Defective,257.33,50.5,True
RET-000478,ORD-009508,2024-09-16,Item Defective,69.53,51.94,True
RET-000479,ORD-009511,2024-07-13,Wrong Size / Fit,81.44,40.55,False
RET-000480,ORD-009516,2024-05-03,Buyer Remorse,1065.18,48.65,False
RET-000481,ORD-009543,2024-07-01,Wrong Size / Fit,470.8,43.81,True
RET-000482,ORD-009557,2024-07-24,Wrong Size / Fit,306.98,36.46,True
RET-000483,ORD-009559,2024-07-19,Wrong Size / Fit,265.87,43.27,True
RET-000484,ORD-009603,2024-06-16,Item Defective,164.56,46.75,True
RET-000485,ORD-009610,2024-06-14,Wrong Size / Fit,41.0,48.46,True
RET-000486,ORD-009618,2024-09-20,Wrong Size / Fit,52.29,39.96,True
RET-000487,ORD-009619,2024-08-14,Wrong Size / Fit,57.0,48.62,True
RET-000488,ORD-009636,2024-05-21,Wrong Size / Fit,163.36,49.83,True
RET-000489,ORD-009647,2024-08-25,Wrong Size / Fit,164.39,44.84,True
RET-000490,ORD-009683,2024-04-24,Wrong Size / Fit,130.39,46.03,True
RET-000491,ORD-009690,2024-07-24,Item Defective,449.57,39.7,True
RET-000492,ORD-009696,2024-07-19,Wrong Size / Fit,261.11,51.33,False
RET-000493,ORD-009701,2024-06-17,Wrong Size / Fit,183.72,36.41,True
RET-000494,ORD-009702,2024-06-25,Late Delivery,82.07,41.74,True
RET-000495,ORD-009705,2024-07-25,Wrong Size / Fit,40.39,44.02,True
RET-000496,ORD-009713,2024-07-09,Wrong Size / Fit,201.83,51.41,False
RET-000497,ORD-009729,2024-07-11,Item Defective,353.52,35.3,True
RET-000498,ORD-009757,2024-10-01,Wrong Size / Fit,489.79,44.61,True
RET-000499,ORD-009761,2024-10-01,Buyer Remorse,114.9,36.13,True
RET-000500,ORD-009778,2024-08-31,Wrong Size / Fit,122.7,40.44,True
RET-000501,ORD-009821,2024-05-14,Buyer Remorse,128.36,50.64,True
RET-000502,ORD-009851,2024-04-06,Late Delivery,31.27,49.84,True
RET-000503,ORD-009855,2024-08-17,Item Defective,475.11,49.08,True
RET-000504,ORD-009858,2024-08-10,Wrong Size / Fit,34.96,48.83,True
RET-000505,ORD-009861,2024-05-30,Late Delivery,193.69,35.3,True
RET-000506,ORD-009880,2024-05-19,Wrong Size / Fit,321.6,51.89,True
RET-000507,ORD-009889,2024-04-30,Wrong Size / Fit,106.03,37.97,True
RET-000508,ORD-009914,2024-06-30,Wrong Size / Fit,549.9,49.93,True
RET-000509,ORD-009917,2024-05-03,Item Defective,128.25,40.29,False
RET-000510,ORD-009943,2024-07-19,Item Defective,38.89,50.68,True
RET-000511,ORD-009977,2024-04-28,Late Delivery,245.22,46.27,True
RET-000512,ORD-009994,2024-04-20,Wrong Size / Fit,76.39,38.74,False
RET-000513,ORD-010001,2024-08-19,Wrong Size / Fit,98.21,41.29,True
RET-000514,ORD-010035,2024-06-12,Wrong Size / Fit,166.3,47.15,False
RET-000515,ORD-010038,2024-08-21,Late Delivery,333.22,42.12,True
RET-000516,ORD-010082,2024-08-23,Wrong Size / Fit,133.9,35.08,True
RET-000517,ORD-010101,2024-09-09,Item Defective,18.48,43.42,False
RET-000518,ORD-010136,2024-08-09,Item Defective,52.98,35.32,False
RET-000519,ORD-010152,2024-06-05,Wrong Size / Fit,158.28,38.95,True
RET-000520,ORD-010164,2024-06-02,Buyer Remorse,213.28,42.55,True
RET-000521,ORD-010190,2024-04-14,Wrong Size / Fit,238.55,44.53,True
RET-000522,ORD-010207,2024-07-18,Late Delivery,226.83,46.36,True
RET-000523,ORD-010220,2024-08-22,Wrong Size / Fit,110.8,38.33,False
RET-000524,ORD-010232,2024-09-05,Late Delivery,344.57,41.36,True
RET-000525,ORD-010287,2024-04-23,Buyer Remorse,415.34,41.55,False
RET-000526,ORD-010298,2024-08-30,Item Defective,90.18,39.6,True
RET-000527,ORD-010306,2024-07-06,Item Defective,28.21,42.9,True
RET-000528,ORD-010338,2024-10-10,Wrong Size / Fit,966.69,42.51,False
RET-000529,ORD-010350,2024-10-05,Item Defective,35.82,35.66,True
RET-000530,ORD-010402,2024-05-25,Late Delivery,1504.6,47.16,True
RET-000531,ORD-010410,2024-09-27,Wrong Size / Fit,215.44,50.02,True
RET-000532,ORD-010411,2024-04-28,Item Defective,18.96,45.0,True
RET-000533,ORD-010435,2024-09-15,Buyer Remorse,133.93,48.12,False
RET-000534,ORD-010468,2024-07-02,Wrong Size / Fit,167.37,43.42,True
RET-000535,ORD-010475,2024-09-01,Buyer Remorse,174.45,39.61,True
RET-000536,ORD-010521,2024-06-15,Item Defective,119.36,51.3,True
RET-000537,ORD-010529,2024-09-19,Wrong Size / Fit,195.9,50.86,False
RET-000538,ORD-010546,2024-07-04,Wrong Size / Fit,203.93,49.64,True
RET-000539,ORD-010553,2024-06-27,Item Defective,15.82,49.19,True
RET-000540,ORD-010559,2024-06-27,Item Defective,185.54,51.74,True
RET-000541,ORD-010569,2024-05-02,Item Defective,943.78,41.97,True
RET-000542,ORD-010576,2024-08-15,Late Delivery,60.7,46.66,True
RET-000543,ORD-010577,2024-08-27,Late Delivery,52.17,41.25,True
RET-000544,ORD-010581,2024-06-18,Late Delivery,103.05,47.25,True
RET-000545,ORD-010589,2024-07-23,Buyer Remorse,115.99,37.4,True
RET-000546,ORD-010632,2024-07-19,Late Delivery,77.36,47.19,True
RET-000547,ORD-010656,2024-08-15,Buyer Remorse,158.45,35.98,True
RET-000548,ORD-010658,2024-05-31,Wrong Size / Fit,451.42,36.47,True
RET-000549,ORD-010668,2024-09-10,Wrong Size / Fit,125.14,45.95,False
RET-000550,ORD-010706,2024-04-17,Wrong Size / Fit,78.65,49.11,True
RET-000551,ORD-010721,2024-07-30,Item Defective,26.27,42.63,True
RET-000552,ORD-010770,2024-10-05,Wrong Size / Fit,119.49,47.31,True
RET-000553,ORD-010780,2024-06-11,Late Delivery,91.09,50.52,True
RET-000554,ORD-010782,2024-05-25,Wrong Size / Fit,1748.24,36.04,True
RET-000555,ORD-010796,2024-10-08,Item Defective,135.94,48.53,True
RET-000556,ORD-010797,2024-07-10,Wrong Size / Fit,117.05,49.79,True
RET-000557,ORD-010843,2024-07-23,Late Delivery,222.78,35.65,True
RET-000558,ORD-010845,2024-08-24,Item Defective,541.53,46.56,True
RET-000559,ORD-010863,2024-05-25,Wrong Size / Fit,62.79,44.57,False
RET-000560,ORD-010866,2024-08-14,Late Delivery,241.43,43.8,True
RET-000561,ORD-010882,2024-05-20,Wrong Size / Fit,375.86,50.19,False
RET-000562,ORD-010883,2024-06-17,Item Defective,163.86,48.28,True
RET-000563,ORD-010908,2024-05-07,Late Delivery,953.68,37.44,True
RET-000564,ORD-010916,2024-06-18,Buyer Remorse,482.65,51.58,True
RET-000565,ORD-010925,2024-09-27,Wrong Size / Fit,186.85,44.17,True
RET-000566,ORD-010969,2024-04-16,Wrong Size / Fit,224.22,44.44,False
RET-000567,ORD-010976,2024-05-17,Item Defective,56.78,47.52,True
RET-000568,ORD-010991,2024-06-06,Wrong Size / Fit,1029.5,51.21,True
RET-000569,ORD-011002,2024-07-10,Item Defective,18.75,41.48,True
RET-000570,ORD-011023,2024-05-19,Late Delivery,1031.92,41.44,True
RET-000571,ORD-011053,2024-07-18,Wrong Size / Fit,88.24,39.17,True
RET-000572,ORD-011075,2024-04-12,Wrong Size / Fit,389.06,51.67,True
RET-000573,ORD-011100,2024-09-10,Item Defective,26.4,49.03,True
RET-000574,ORD-011107,2024-05-24,Item Defective,59.54,45.05,True
RET-000575,ORD-011119,2024-09-30,Wrong Size / Fit,109.17,48.83,True
RET-000576,ORD-011129,2024-06-15,Wrong Size / Fit,360.22,40.56,True
RET-000577,ORD-011140,2024-09-05,Wrong Size / Fit,333.98,41.83,False
RET-000578,ORD-011159,2024-07-14,Wrong Size / Fit,262.82,44.23,True
RET-000579,ORD-011167,2024-04-11,Item Defective,419.38,50.71,True
RET-000580,ORD-011177,2024-04-29,Item Defective,522.03,35.14,True
RET-000581,ORD-011186,2024-08-19,Item Defective,54.74,48.27,True
RET-000582,ORD-011197,2024-04-13,Buyer Remorse,1166.55,51.27,True
RET-000583,ORD-011199,2024-08-22,Item Defective,161.13,43.27,False
RET-000584,ORD-011200,2024-06-02,Wrong Size / Fit,451.56,44.1,True
RET-000585,ORD-011223,2024-04-13,Late Delivery,255.96,39.1,True
RET-000586,ORD-011237,2024-05-22,Wrong Size / Fit,181.84,42.74,True
RET-000587,ORD-011264,2024-06-22,Item Defective,491.21,47.48,False
RET-000588,ORD-011321,2024-07-17,Item Defective,138.07,40.62,True
RET-000589,ORD-011337,2024-09-11,Wrong Size / Fit,440.08,41.2,False
RET-000590,ORD-011355,2024-06-01,Wrong Size / Fit,141.55,37.1,True
RET-000591,ORD-011368,2024-09-10,Wrong Size / Fit,167.98,48.86,True
RET-000592,ORD-011394,2024-05-07,Buyer Remorse,768.73,47.28,False
RET-000593,ORD-011404,2024-04-16,Late Delivery,307.1,49.33,False
RET-000594,ORD-011435,2024-09-13,Item Defective,180.79,42.53,True
RET-000595,ORD-011482,2024-07-29,Buyer Remorse,166.38,49.51,True
RET-000596,ORD-011493,2024-05-19,Item Defective,126.4,48.42,True
RET-000597,ORD-011498,2024-07-09,Late Delivery,78.45,48.79,True
RET-000598,ORD-011519,2024-04-21,Late Delivery,163.83,41.69,False
RET-000599,ORD-011529,2024-05-09,Wrong Size / Fit,189.27,49.53,True
RET-000600,ORD-011549,2024-07-28,Late Delivery,54.23,48.17,True
RET-000601,ORD-011568,2024-05-05,Wrong Size / Fit,76.82,37.03,True
RET-000602,ORD-011570,2024-08-04,Buyer Remorse,69.89,42.11,True
RET-000603,ORD-011592,2024-07-01,Item Defective,56.17,50.94,True
RET-000604,ORD-011595,2024-08-19,Wrong Size / Fit,90.0,40.55,True
RET-000605,ORD-011602,2024-09-13,Wrong Size / Fit,217.64,38.33,True
RET-000606,ORD-011610,2024-06-13,Wrong Size / Fit,137.07,49.87,True
RET-000607,ORD-011630,2024-05-06,Item Defective,513.83,41.58,True
RET-000608,ORD-011663,2024-04-14,Item Defective,366.24,47.18,True
RET-000609,ORD-011709,2024-09-13,Wrong Size / Fit,131.45,37.64,True
RET-000610,ORD-011727,2024-04-30,Wrong Size / Fit,1285.75,41.67,True
RET-000611,ORD-011785,2024-05-26,Item Defective,27.68,41.46,True
RET-000612,ORD-011792,2024-08-30,Wrong Size / Fit,160.3,39.08,True
RET-000613,ORD-011826,2024-06-04,Item Defective,149.08,37.05,True
RET-000614,ORD-011842,2024-05-18,Buyer Remorse,80.78,43.64,True
RET-000615,ORD-011850,2024-07-10,Item Defective,91.94,48.83,False
RET-000616,ORD-011856,2024-05-13,Wrong Size / Fit,92.91,46.89,True
RET-000617,ORD-011876,2024-07-26,Item Defective,60.35,42.69,False
RET-000618,ORD-011888,2024-05-29,Late Delivery,63.05,45.91,False
RET-000619,ORD-011927,2024-05-19,Wrong Size / Fit,26.96,50.9,True
RET-000620,ORD-011937,2024-10-04,Late Delivery,439.82,50.81,True
RET-000621,ORD-011939,2024-09-25,Item Defective,30.14,39.62,True
RET-000622,ORD-011954,2024-08-30,Wrong Size / Fit,369.4,41.98,True
RET-000623,ORD-011955,2024-06-01,Item Defective,62.41,37.99,False
RET-000624,ORD-011962,2024-08-09,Wrong Size / Fit,165.51,51.68,True
RET-000625,ORD-011977,2024-09-22,Late Delivery,1322.6,45.51,True
RET-000626,ORD-011986,2024-07-21,Wrong Size / Fit,283.92,38.74,True
RET-000627,ORD-012024,2024-04-17,Late Delivery,1239.34,50.91,True
RET-000628,ORD-012029,2024-04-19,Wrong Size / Fit,223.74,48.23,True
RET-000629,ORD-012032,2024-04-14,Item Defective,126.35,39.68,True
RET-000630,ORD-012124,2024-07-13,Wrong Size / Fit,27.0,46.23,False
RET-000631,ORD-012131,2024-08-10,Item Defective,353.29,47.68,True
RET-000632,ORD-012193,2024-06-10,Item Defective,127.75,45.65,False
RET-000633,ORD-012202,2024-06-18,Wrong Size / Fit,194.07,51.28,True
RET-000634,ORD-012206,2024-10-02,Buyer Remorse,18.35,35.75,True
RET-000635,ORD-012212,2024-08-02,Buyer Remorse,29.28,37.85,True
RET-000636,ORD-012233,2024-09-19,Wrong Size / Fit,59.22,40.12,True
RET-000637,ORD-012258,2024-09-28,Late Delivery,181.82,36.43,True
RET-000638,ORD-012264,2024-09-09,Wrong Size / Fit,58.0,42.6,True
RET-000639,ORD-012272,2024-08-31,Wrong Size / Fit,221.73,40.91,True
RET-000640,ORD-012273,2024-07-13,Item Defective,253.39,35.86,True
RET-000641,ORD-012274,2024-07-04,Buyer Remorse,204.5,38.12,True
RET-000642,ORD-012280,2024-04-10,Item Defective,404.88,47.31,True
RET-000643,ORD-012285,2024-05-13,Late Delivery,221.41,36.6,True
RET-000644,ORD-012289,2024-06-27,Item Defective,28.63,40.05,True
RET-000645,ORD-012299,2024-07-24,Item Defective,298.72,41.66,True
RET-000646,ORD-012302,2024-04-29,Late Delivery,97.37,36.04,True
RET-000647,ORD-012309,2024-06-29,Wrong Size / Fit,210.42,48.35,True
RET-000648,ORD-012372,2024-07-17,Item Defective,195.65,51.86,True
RET-000649,ORD-012383,2024-08-28,Wrong Size / Fit,361.44,39.25,True
RET-000650,ORD-012391,2024-08-10,Wrong Size / Fit,30.37,44.93,True
RET-000651,ORD-012397,2024-06-24,Wrong Size / Fit,275.82,46.47,True
RET-000652,ORD-012407,2024-04-06,Wrong Size / Fit,72.09,43.24,True
RET-000653,ORD-012409,2024-08-01,Wrong Size / Fit,174.83,45.25,True
RET-000654,ORD-012419,2024-08-17,Late Delivery,51.18,50.88,False
RET-000655,ORD-012422,2024-09-18,Late Delivery,173.53,40.76,True
RET-000656,ORD-012450,2024-04-19,Late Delivery,1207.89,51.36,True
RET-000657,ORD-012457,2024-04-22,Item Defective,68.52,38.71,True
RET-000658,ORD-012477,2024-07-24,Late Delivery,357.52,42.85,True
RET-000659,ORD-012517,2024-08-24,Wrong Size / Fit,36.35,44.46,True
RET-000660,ORD-012520,2024-06-25,Wrong Size / Fit,308.73,49.1,True
RET-000661,ORD-012547,2024-08-27,Wrong Size / Fit,27.09,41.19,True
RET-000662,ORD-012559,2024-06-06,Late Delivery,121.54,36.86,True
RET-000663,ORD-012562,2024-08-18,Buyer Remorse,289.61,50.1,True
RET-000664,ORD-012589,2024-06-08,Late Delivery,318.28,41.59,True
RET-000665,ORD-012596,2024-04-23,Item Defective,81.23,48.42,False
RET-000666,ORD-012597,2024-07-05,Wrong Size / Fit,275.59,43.15,False
RET-000667,ORD-012616,2024-07-19,Item Defective,213.74,51.41,True
RET-000668,ORD-012627,2024-04-12,Late Delivery,59.11,48.36,True
RET-000669,ORD-012644,2024-04-20,Wrong Size / Fit,203.11,46.05,True
RET-000670,ORD-012648,2024-06-03,Wrong Size / Fit,86.42,38.47,True
RET-000671,ORD-012654,2024-07-25,Buyer Remorse,350.61,35.29,True
RET-000672,ORD-012697,2024-05-16,Buyer Remorse,187.18,46.55,True
RET-000673,ORD-012738,2024-04-25,Wrong Size / Fit,383.95,50.2,True
RET-000674,ORD-012746,2024-05-28,Late Delivery,36.85,48.73,True
RET-000675,ORD-012786,2024-08-26,Item Defective,163.47,46.77,True
RET-000676,ORD-012803,2024-09-26,Late Delivery,77.52,46.65,True
RET-000677,ORD-012804,2024-09-24,Late Delivery,71.65,35.47,True
RET-000678,ORD-012805,2024-04-29,Item Defective,309.8,37.95,True
RET-000679,ORD-012806,2024-08-19,Item Defective,115.31,38.61,True
RET-000680,ORD-012850,2024-04-15,Buyer Remorse,15.46,43.25,True
RET-000681,ORD-012870,2024-09-12,Wrong Size / Fit,35.67,44.23,False
RET-000682,ORD-012882,2024-06-19,Buyer Remorse,56.64,41.6,True
RET-000683,ORD-012884,2024-06-14,Wrong Size / Fit,477.51,46.52,True
RET-000684,ORD-012889,2024-09-22,Late Delivery,382.24,36.76,True
RET-000685,ORD-012890,2024-05-14,Wrong Size / Fit,59.75,36.05,True
RET-000686,ORD-012903,2024-09-03,Late Delivery,27.81,38.59,True
RET-000687,ORD-012911,2024-08-10,Wrong Size / Fit,203.3,43.37,True
RET-000688,ORD-012914,2024-05-28,Wrong Size / Fit,187.2,46.6,True
RET-000689,ORD-012943,2024-08-22,Wrong Size / Fit,77.55,44.47,False
RET-000690,ORD-012957,2024-04-22,Late Delivery,56.76,40.27,False
RET-000691,ORD-012969,2024-08-19,Late Delivery,200.05,35.95,True
RET-000692,ORD-012981,2024-09-11,Item Defective,26.33,51.41,False
RET-000693,ORD-012985,2024-09-21,Late Delivery,180.5,36.83,True
RET-000694,ORD-013016,2024-05-20,Wrong Size / Fit,15.42,45.59,True
RET-000695,ORD-013032,2024-10-07,Item Defective,106.37,48.31,True
RET-000696,ORD-013044,2024-10-01,Late Delivery,55.05,47.67,True
RET-000697,ORD-013051,2024-09-18,Wrong Size / Fit,208.14,35.74,True
RET-000698,ORD-013088,2024-07-23,Wrong Size / Fit,386.77,46.69,True
RET-000699,ORD-013102,2024-07-04,Late Delivery,221.75,38.1,True
RET-000700,ORD-013116,2024-09-02,Item Defective,275.6,47.93,True
RET-000701,ORD-013129,2024-07-08,Item Defective,59.47,51.23,True
RET-000702,ORD-013151,2024-06-08,Item Defective,28.68,37.39,True
RET-000703,ORD-013162,2024-07-04,Late Delivery,59.57,38.91,True
RET-000704,ORD-013180,2024-08-25,Wrong Size / Fit,567.22,39.65,False
RET-000705,ORD-013185,2024-05-02,Item Defective,93.89,51.47,False
RET-000706,ORD-013205,2024-10-02,Item Defective,18.7,44.39,True
RET-000707,ORD-013255,2024-09-15,Buyer Remorse,52.33,35.18,True
RET-000708,ORD-013332,2024-04-30,Item Defective,61.48,42.84,True
RET-000709,ORD-013334,2024-09-24,Item Defective,151.76,47.45,True
RET-000710,ORD-013340,2024-06-23,Item Defective,92.0,39.9,True
RET-000711,ORD-013363,2024-06-04,Item Defective,164.37,51.9,True
RET-000712,ORD-013476,2024-08-12,Buyer Remorse,213.51,44.43,False
RET-000713,ORD-013540,2024-04-17,Late Delivery,161.45,45.38,True
RET-000714,ORD-013555,2024-06-27,Wrong Size / Fit,221.21,39.15,True
RET-000715,ORD-013572,2024-08-23,Item Defective,77.88,38.61,True
RET-000716,ORD-013589,2024-06-03,Wrong Size / Fit,466.75,50.74,True
RET-000717,ORD-013590,2024-04-18,Wrong Size / Fit,15.37,42.01,True
RET-000718,ORD-013610,2024-07-09,Wrong Size / Fit,893.86,36.9,True
RET-000719,ORD-013621,2024-08-09,Late Delivery,290.98,43.66,True
RET-000720,ORD-013622,2024-04-24,Late Delivery,53.8,46.74,True
RET-000721,ORD-013635,2024-09-07,Late Delivery,18.03,36.11,False
RET-000722,ORD-013644,2024-06-14,Late Delivery,36.78,50.73,True
RET-000723,ORD-013647,2024-06-12,Wrong Size / Fit,62.85,35.26,True
RET-000724,ORD-013680,2024-06-03,Wrong Size / Fit,225.85,41.12,True
RET-000725,ORD-013688,2024-06-09,Wrong Size / Fit,489.17,37.69,False
RET-000726,ORD-013719,2024-06-13,Item Defective,123.7,43.51,True
RET-000727,ORD-013732,2024-05-30,Item Defective,86.47,38.44,True
RET-000728,ORD-013787,2024-07-20,Wrong Size / Fit,868.32,42.3,True
RET-000729,ORD-013812,2024-07-31,Item Defective,88.31,41.45,True
RET-000730,ORD-013818,2024-07-27,Item Defective,297.48,35.09,True
RET-000731,ORD-013839,2024-05-23,Buyer Remorse,294.05,50.94,True
RET-000732,ORD-013841,2024-05-10,Wrong Size / Fit,92.72,43.77,True
RET-000733,ORD-013843,2024-09-20,Late Delivery,852.06,42.18,True
RET-000734,ORD-013847,2024-07-31,Wrong Size / Fit,81.15,47.63,True
RET-000735,ORD-013852,2024-08-31,Late Delivery,102.22,36.3,True
RET-000736,ORD-013886,2024-04-28,Late Delivery,544.77,46.21,True
RET-000737,ORD-013897,2024-10-07,Buyer Remorse,128.28,50.14,True
RET-000738,ORD-013926,2024-09-11,Item Defective,890.66,38.99,True
RET-000739,ORD-013951,2024-08-23,Item Defective,136.15,43.71,True
RET-000740,ORD-013952,2024-06-22,Wrong Size / Fit,944.18,41.57,True
RET-000741,ORD-013955,2024-05-05,Wrong Size / Fit,212.44,43.25,False
RET-000742,ORD-013968,2024-05-26,Item Defective,55.31,48.85,True
RET-000743,ORD-013977,2024-06-16,Wrong Size / Fit,623.12,49.67,False
RET-000744,ORD-013995,2024-08-23,Wrong Size / Fit,67.79,47.14,True
RET-000745,ORD-013998,2024-07-07,Late Delivery,31.14,43.97,True
RET-000746,ORD-014019,2024-09-09,Wrong Size / Fit,121.39,42.56,True
RET-000747,ORD-014034,2024-05-17,Wrong Size / Fit,426.01,48.73,True
RET-000748,ORD-014064,2024-07-17,Late Delivery,51.75,45.5,False
RET-000749,ORD-014075,2024-08-11,Wrong Size / Fit,120.27,51.15,False
RET-000750,ORD-014091,2024-04-23,Wrong Size / Fit,41.11,37.23,True
RET-000751,ORD-014107,2024-08-07,Buyer Remorse,123.36,35.61,True
RET-000752,ORD-014139,2024-07-20,Buyer Remorse,193.3,36.49,True
RET-000753,ORD-014144,2024-08-22,Item Defective,70.35,38.8,True
RET-000754,ORD-014155,2024-06-14,Item Defective,362.04,43.33,True
RET-000755,ORD-014170,2024-08-29,Wrong Size / Fit,60.39,46.01,True
RET-000756,ORD-014178,2024-09-05,Late Delivery,80.86,38.36,True
RET-000757,ORD-014191,2024-07-29,Wrong Size / Fit,29.42,38.87,True
RET-000758,ORD-014204,2024-05-22,Late Delivery,204.37,37.2,True
RET-000759,ORD-014207,2024-09-20,Late Delivery,497.6,48.36,True
RET-000760,ORD-014214,2024-09-10,Wrong Size / Fit,260.76,45.33,True
RET-000761,ORD-014217,2024-05-01,Buyer Remorse,15.84,37.32,False
RET-000762,ORD-014254,2024-07-10,Item Defective,168.05,50.56,True
RET-000763,ORD-014264,2024-07-20,Item Defective,35.78,42.65,False
RET-000764,ORD-014265,2024-04-21,Item Defective,169.99,43.92,True
RET-000765,ORD-014276,2024-06-14,Buyer Remorse,532.21,42.07,True
RET-000766,ORD-014327,2024-09-22,Wrong Size / Fit,247.43,48.88,False
RET-000767,ORD-014336,2024-07-28,Buyer Remorse,53.65,51.11,True
RET-000768,ORD-014361,2024-04-12,Late Delivery,120.92,40.28,True
RET-000769,ORD-014364,2024-06-25,Buyer Remorse,482.47,44.66,True
RET-000770,ORD-014377,2024-08-07,Wrong Size / Fit,868.35,41.26,False
RET-000771,ORD-014403,2024-07-19,Late Delivery,52.42,51.18,True
RET-000772,ORD-014426,2024-07-23,Late Delivery,77.35,43.45,True
RET-000773,ORD-014457,2024-06-16,Wrong Size / Fit,295.37,36.39,True
RET-000774,ORD-014471,2024-05-30,Buyer Remorse,291.53,46.77,False
RET-000775,ORD-014506,2024-08-14,Wrong Size / Fit,259.07,46.07,True
RET-000776,ORD-014512,2024-07-16,Item Defective,260.17,38.79,True
RET-000777,ORD-014519,2024-05-11,Item Defective,125.57,40.43,True
RET-000778,ORD-014535,2024-09-13,Wrong Size / Fit,365.05,47.87,True
RET-000779,ORD-014552,2024-07-28,Item Defective,78.59,43.54,False
RET-000780,ORD-014556,2024-08-03,Wrong Size / Fit,69.38,39.93,True
RET-000781,ORD-014566,2024-07-25,Late Delivery,117.09,44.58,True
RET-000782,ORD-014587,2024-04-16,Late Delivery,94.72,44.74,True
RET-000783,ORD-014601,2024-09-04,Wrong Size / Fit,428.9,48.92,True
RET-000784,ORD-014612,2024-10-04,Late Delivery,578.1,41.34,True
RET-000785,ORD-014622,2024-07-12,Wrong Size / Fit,179.66,42.87,False
RET-000786,ORD-014623,2024-06-06,Buyer Remorse,28.42,47.14,True
RET-000787,ORD-014653,2024-05-21,Item Defective,74.74,51.91,True
RET-000788,ORD-014699,2024-04-12,Late Delivery,40.55,37.33,True
RET-000789,ORD-014712,2024-04-28,Late Delivery,374.9,42.49,True
RET-000790,ORD-014726,2024-09-04,Item Defective,55.08,50.51,True
RET-000791,ORD-014729,2024-09-05,Buyer Remorse,36.59,40.75,True
RET-000792,ORD-014777,2024-08-07,Item Defective,122.49,45.18,True
RET-000793,ORD-014784,2024-07-21,Late Delivery,171.57,45.18,True
RET-000794,ORD-014790,2024-07-07,Item Defective,93.71,39.86,True
RET-000795,ORD-014804,2024-07-06,Late Delivery,370.97,46.46,True
RET-000796,ORD-014853,2024-05-04,Late Delivery,147.25,42.41,True
RET-000797,ORD-014862,2024-08-10,Item Defective,44.98,40.93,True
RET-000798,ORD-014867,2024-04-20,Item Defective,230.79,47.47,False
RET-000799,ORD-014868,2024-05-07,Late Delivery,188.37,46.54,True
RET-000800,ORD-014885,2024-07-26,Wrong Size / Fit,91.37,40.33,True
RET-000801,ORD-014895,2024-07-17,Buyer Remorse,477.44,46.89,True
RET-000802,ORD-014932,2024-08-03,Item Defective,429.19,38.48,True
RET-000803,ORD-014938,2024-06-28,Buyer Remorse,475.38,36.13,False
RET-000804,ORD-014939,2024-06-09,Late Delivery,122.27,35.44,True
RET-000805,ORD-014941,2024-10-01,Item Defective,242.48,37.4,True
RET-000806,ORD-014951,2024-10-03,Buyer Remorse,59.33,43.89,True
RET-000807,ORD-014980,2024-07-04,Wrong Size / Fit,78.59,51.64,True
RET-000808,ORD-014990,2024-09-10,Wrong Size / Fit,888.99,46.04,True
RET-000809,ORD-015003,2024-04-27,Item Defective,305.52,45.26,True
RET-000810,ORD-015009,2024-04-17,Wrong Size / Fit,356.99,44.68,True
RET-000811,ORD-015022,2024-04-27,Wrong Size / Fit,135.08,42.16,True
RET-000812,ORD-015039,2024-09-11,Wrong Size / Fit,283.37,42.04,True
RET-000813,ORD-015048,2024-06-25,Wrong Size / Fit,476.82,41.62,True
RET-000814,ORD-015069,2024-05-10,Item Defective,55.39,36.76,True
RET-000815,ORD-015074,2024-08-27,Wrong Size / Fit,356.71,40.98,True
RET-000816,ORD-015083,2024-09-18,Wrong Size / Fit,62.07,37.52,True
RET-000817,ORD-015105,2024-07-08,Item Defective,479.62,47.91,True
RET-000818,ORD-015118,2024-06-26,Buyer Remorse,191.93,42.93,True
RET-000819,ORD-015132,2024-07-15,Buyer Remorse,89.93,44.81,True
RET-000820,ORD-015134,2024-08-28,Late Delivery,92.9,49.06,True
RET-000821,ORD-015139,2024-06-10,Wrong Size / Fit,123.21,36.88,False
RET-000822,ORD-015153,2024-09-15,Item Defective,1099.87,40.06,True
RET-000823,ORD-015175,2024-06-13,Item Defective,93.36,38.22,True
RET-000824,ORD-015181,2024-08-18,Item Defective,160.64,36.14,False
RET-000825,ORD-015185,2024-06-18,Item Defective,84.09,47.4,True
RET-000826,ORD-015192,2024-07-04,Late Delivery,178.77,42.99,True
RET-000827,ORD-015201,2024-04-24,Wrong Size / Fit,131.56,37.77,True
RET-000828,ORD-015226,2024-07-30,Late Delivery,57.84,37.72,False
RET-000829,ORD-015244,2024-09-25,Item Defective,52.74,49.45,True
RET-000830,ORD-015245,2024-09-26,Item Defective,245.74,44.52,True
RET-000831,ORD-015255,2024-05-09,Wrong Size / Fit,491.27,41.17,True
RET-000832,ORD-015262,2024-05-30,Buyer Remorse,1206.14,43.01,True
RET-000833,ORD-015265,2024-08-07,Buyer Remorse,59.49,35.07,True
RET-000834,ORD-015276,2024-07-19,Wrong Size / Fit,71.29,51.98,True
RET-000835,ORD-015330,2024-08-05,Buyer Remorse,84.07,35.23,False
RET-000836,ORD-015349,2024-06-07,Buyer Remorse,172.42,35.19,True
RET-000837,ORD-015363,2024-06-06,Wrong Size / Fit,15.57,39.72,True
RET-000838,ORD-015385,2024-05-04,Late Delivery,94.83,48.14,True
RET-000839,ORD-015395,2024-05-22,Wrong Size / Fit,54.12,47.09,False
RET-000840,ORD-015400,2024-04-08,Late Delivery,436.89,45.25,True
RET-000841,ORD-015416,2024-09-12,Wrong Size / Fit,176.56,38.51,True
RET-000842,ORD-015424,2024-08-14,Item Defective,347.88,39.27,True
RET-000843,ORD-015430,2024-05-26,Wrong Size / Fit,211.23,44.84,True
RET-000844,ORD-015433,2024-09-12,Late Delivery,339.23,42.97,True
RET-000845,ORD-015452,2024-05-05,Late Delivery,122.04,36.69,False
RET-000846,ORD-015461,2024-08-29,Wrong Size / Fit,91.32,48.04,True
RET-000847,ORD-015462,2024-06-01,Wrong Size / Fit,230.22,39.69,True
RET-000848,ORD-015464,2024-05-02,Wrong Size / Fit,155.18,47.86,True
RET-000849,ORD-015501,2024-05-04,Item Defective,192.22,37.79,True
RET-000850,ORD-015505,2024-07-29,Wrong Size / Fit,78.91,36.91,True
RET-000851,ORD-015506,2024-07-15,Item Defective,17.94,47.96,True
RET-000852,ORD-015534,2024-06-06,Wrong Size / Fit,31.46,37.13,False
RET-000853,ORD-015545,2024-06-27,Late Delivery,88.71,37.59,True
RET-000854,ORD-015558,2024-05-18,Late Delivery,109.35,36.74,True
RET-000855,ORD-015563,2024-06-13,Late Delivery,137.57,45.55,True
RET-000856,ORD-015569,2024-07-29,Item Defective,125.71,41.99,True
RET-000857,ORD-015593,2024-06-20,Buyer Remorse,375.66,35.82,True
RET-000858,ORD-015626,2024-07-25,Wrong Size / Fit,79.24,44.63,True
RET-000859,ORD-015659,2024-07-16,Wrong Size / Fit,160.53,35.66,True
RET-000860,ORD-015663,2024-06-19,Wrong Size / Fit,967.04,38.03,True
RET-000861,ORD-015671,2024-07-10,Item Defective,525.19,47.36,True
RET-000862,ORD-015672,2024-05-09,Item Defective,55.95,40.63,False
RET-000863,ORD-015676,2024-08-09,Late Delivery,65.61,49.7,True
RET-000864,ORD-015686,2024-04-10,Wrong Size / Fit,31.31,50.81,True
RET-000865,ORD-015706,2024-06-17,Wrong Size / Fit,91.27,49.35,False
RET-000866,ORD-015777,2024-07-28,Late Delivery,29.26,47.17,True
RET-000867,ORD-015794,2024-09-15,Wrong Size / Fit,79.38,36.98,True
RET-000868,ORD-015796,2024-06-04,Item Defective,165.53,38.6,True
RET-000869,ORD-015802,2024-07-26,Late Delivery,114.74,49.03,False
RET-000870,ORD-015825,2024-05-28,Late Delivery,88.61,42.09,True
RET-000871,ORD-015827,2024-05-07,Wrong Size / Fit,31.51,36.68,True
RET-000872,ORD-015858,2024-05-29,Late Delivery,176.86,36.1,True
RET-000873,ORD-015875,2024-10-01,Wrong Size / Fit,150.21,46.97,False
RET-000874,ORD-015899,2024-07-05,Wrong Size / Fit,137.12,44.16,True
RET-000875,ORD-015961,2024-04-16,Wrong Size / Fit,395.06,49.18,True
RET-000876,ORD-015973,2024-06-25,Wrong Size / Fit,434.03,51.37,True
RET-000877,ORD-015993,2024-06-06,Wrong Size / Fit,31.18,47.42,True
RET-000878,ORD-016044,2024-10-02,Wrong Size / Fit,562.91,49.82,True
RET-000879,ORD-016050,2024-08-25,Wrong Size / Fit,436.7,48.95,True
RET-000880,ORD-016059,2024-04-18,Wrong Size / Fit,81.52,43.72,True
RET-000881,ORD-016121,2024-09-30,Buyer Remorse,426.16,40.96,True
RET-000882,ORD-016130,2024-09-14,Late Delivery,532.89,35.27,True
RET-000883,ORD-016157,2024-09-18,Wrong Size / Fit,29.14,45.49,True
RET-000884,ORD-016161,2024-06-19,Wrong Size / Fit,185.08,41.32,True
RET-000885,ORD-016181,2024-04-29,Wrong Size / Fit,27.48,50.25,True
RET-000886,ORD-016202,2024-09-27,Item Defective,272.75,47.58,True
RET-000887,ORD-016243,2024-07-10,Wrong Size / Fit,80.72,39.89,True
RET-000888,ORD-016253,2024-08-15,Wrong Size / Fit,361.07,45.39,True
RET-000889,ORD-016254,2024-09-03,Item Defective,115.95,37.65,True
RET-000890,ORD-016275,2024-07-14,Wrong Size / Fit,401.09,50.62,True
RET-000891,ORD-016414,2024-06-21,Wrong Size / Fit,556.76,46.31,True
RET-000892,ORD-016419,2024-07-07,Late Delivery,356.64,41.61,True
RET-000893,ORD-016439,2024-06-22,Buyer Remorse,15.74,48.98,True
RET-000894,ORD-016450,2024-05-12,Item Defective,317.51,51.95,True
RET-000895,ORD-016452,2024-04-17,Buyer Remorse,192.03,38.01,True
RET-000896,ORD-016486,2024-06-07,Wrong Size / Fit,127.12,47.38,True
RET-000897,ORD-016521,2024-09-21,Buyer Remorse,77.73,50.94,True
RET-000898,ORD-016532,2024-08-09,Item Defective,432.96,41.65,True
RET-000899,ORD-016546,2024-04-20,Late Delivery,652.0,47.49,True
RET-000900,ORD-016552,2024-04-11,Item Defective,182.5,36.25,True
RET-000901,ORD-016566,2024-05-03,Item Defective,31.18,49.91,True
RET-000902,ORD-016601,2024-09-04,Item Defective,123.16,40.87,True
RET-000903,ORD-016610,2024-07-10,Item Defective,89.78,42.41,True
RET-000904,ORD-016614,2024-08-27,Late Delivery,245.51,42.15,True
RET-000905,ORD-016617,2024-08-03,Buyer Remorse,360.62,39.47,True
RET-000906,ORD-016619,2024-09-23,Buyer Remorse,53.05,38.17,True
RET-000907,ORD-016635,2024-06-05,Late Delivery,18.94,37.84,True
RET-000908,ORD-016662,2024-09-01,Wrong Size / Fit,124.43,40.95,True
RET-000909,ORD-016668,2024-05-21,Item Defective,387.24,49.15,True
RET-000910,ORD-016669,2024-04-25,Buyer Remorse,958.93,43.55,True
RET-000911,ORD-016671,2024-07-31,Wrong Size / Fit,69.36,35.65,True
RET-000912,ORD-016673,2024-07-15,Wrong Size / Fit,18.49,39.86,True
RET-000913,ORD-016708,2024-05-12,Wrong Size / Fit,306.56,49.36,True
RET-000914,ORD-016711,2024-06-08,Wrong Size / Fit,500.34,38.39,True
RET-000915,ORD-016712,2024-08-03,Item Defective,90.47,47.88,True
RET-000916,ORD-016718,2024-06-25,Late Delivery,156.7,38.65,True
RET-000917,ORD-016725,2024-04-21,Wrong Size / Fit,60.81,45.21,True
RET-000918,ORD-016776,2024-10-03,Item Defective,134.37,39.12,True
RET-000919,ORD-016842,2024-04-18,Item Defective,40.46,43.45,True
RET-000920,ORD-016853,2024-10-03,Item Defective,35.18,43.43,True
RET-000921,ORD-016889,2024-07-21,Wrong Size / Fit,69.29,43.97,False
RET-000922,ORD-016900,2024-05-14,Late Delivery,134.42,48.97,True
RET-000923,ORD-016901,2024-04-24,Buyer Remorse,251.83,49.37,True
RET-000924,ORD-016905,2024-09-05,Item Defective,18.06,45.03,False
RET-000925,ORD-016922,2024-08-05,Late Delivery,353.7,47.01,True
RET-000926,ORD-016926,2024-08-22,Late Delivery,220.88,51.29,True
RET-000927,ORD-016968,2024-07-23,Wrong Size / Fit,53.53,38.01,True
RET-000928,ORD-016985,2024-06-03,Wrong Size / Fit,120.54,38.78,True
RET-000929,ORD-017019,2024-06-29,Item Defective,38.59,37.87,True
RET-000930,ORD-017021,2024-08-23,Late Delivery,55.28,50.1,True
RET-000931,ORD-017027,2024-07-14,Late Delivery,127.66,44.09,True
RET-000932,ORD-017040,2024-08-31,Wrong Size / Fit,411.01,41.79,False
RET-000933,ORD-017067,2024-07-24,Wrong Size / Fit,170.11,44.16,True
RET-000934,ORD-017072,2024-07-26,Wrong Size / Fit,62.23,36.85,True
RET-000935,ORD-017075,2024-04-13,Wrong Size / Fit,150.29,50.84,True
RET-000936,ORD-017080,2024-08-13,Wrong Size / Fit,40.45,37.36,True
RET-000937,ORD-017085,2024-04-19,Late Delivery,88.49,38.89,True
RET-000938,ORD-017095,2024-04-28,Late Delivery,182.76,36.4,True
RET-000939,ORD-017098,2024-09-28,Item Defective,185.05,42.07,True
RET-000940,ORD-017122,2024-08-01,Wrong Size / Fit,183.79,41.38,True
RET-000941,ORD-017124,2024-10-01,Late Delivery,79.64,40.03,False
RET-000942,ORD-017138,2024-06-08,Late Delivery,200.4,38.56,True
RET-000943,ORD-017157,2024-04-27,Wrong Size / Fit,256.86,43.49,True
RET-000944,ORD-017165,2024-07-21,Wrong Size / Fit,704.78,36.54,True
RET-000945,ORD-017167,2024-06-28,Wrong Size / Fit,125.47,46.91,True
RET-000946,ORD-017187,2024-08-09,Item Defective,489.49,39.04,True
RET-000947,ORD-017207,2024-10-02,Wrong Size / Fit,39.98,43.29,True
RET-000948,ORD-017238,2024-07-27,Item Defective,127.96,46.66,True
RET-000949,ORD-017253,2024-05-18,Wrong Size / Fit,37.18,42.53,True
RET-000950,ORD-017263,2024-06-05,Wrong Size / Fit,40.75,48.41,True
RET-000951,ORD-017279,2024-04-15,Wrong Size / Fit,110.52,47.53,True
RET-000952,ORD-017297,2024-04-10,Late Delivery,98.36,40.82,True
RET-000953,ORD-017346,2024-09-12,Wrong Size / Fit,91.61,47.89,True
RET-000954,ORD-017355,2024-06-17,Item Defective,64.07,36.75,True
RET-000955,ORD-017395,2024-08-30,Wrong Size / Fit,59.81,36.66,True
RET-000956,ORD-017435,2024-07-22,Buyer Remorse,357.77,49.77,True
RET-000957,ORD-017440,2024-06-04,Wrong Size / Fit,73.57,43.67,True
RET-000958,ORD-017449,2024-08-28,Item Defective,76.68,36.57,False
RET-000959,ORD-017450,2024-06-30,Wrong Size / Fit,55.36,51.1,False
RET-000960,ORD-017457,2024-08-04,Wrong Size / Fit,29.5,50.79,True
RET-000961,ORD-017474,2024-06-23,Wrong Size / Fit,77.04,48.04,True
RET-000962,ORD-017483,2024-09-25,Item Defective,29.52,46.95,True
RET-000963,ORD-017500,2024-09-02,Buyer Remorse,36.35,44.09,True
RET-000964,ORD-017505,2024-07-18,Late Delivery,386.09,42.65,True
RET-000965,ORD-017519,2024-04-12,Late Delivery,245.09,43.55,True
RET-000966,ORD-017525,2024-08-12,Wrong Size / Fit,537.33,35.75,True
RET-000967,ORD-017552,2024-05-24,Item Defective,434.53,41.71,True
RET-000968,ORD-017557,2024-08-23,Item Defective,58.67,48.87,True
RET-000969,ORD-017564,2024-08-07,Late Delivery,249.04,39.52,True
RET-000970,ORD-017572,2024-08-26,Item Defective,26.53,48.94,True
RET-000971,ORD-017584,2024-09-29,Wrong Size / Fit,130.13,40.18,True
RET-000972,ORD-017601,2024-07-10,Item Defective,72.57,35.18,True
RET-000973,ORD-017608,2024-07-14,Wrong Size / Fit,218.7,45.95,True
RET-000974,ORD-017614,2024-06-22,Wrong Size / Fit,261.11,36.94,True
RET-000975,ORD-017615,2024-09-24,Item Defective,132.92,50.46,True
RET-000976,ORD-017628,2024-06-12,Item Defective,74.04,48.52,True
RET-000977,ORD-017633,2024-08-12,Late Delivery,27.48,47.79,False
RET-000978,ORD-017639,2024-07-06,Item Defective,916.39,45.31,True
RET-000979,ORD-017699,2024-05-31,Item Defective,195.76,48.2,True
RET-000980,ORD-017705,2024-05-31,Wrong Size / Fit,320.5,39.45,True
RET-000981,ORD-017717,2024-07-10,Item Defective,62.43,47.96,True
RET-000982,ORD-017718,2024-08-19,Late Delivery,26.75,38.97,True
RET-000983,ORD-017727,2024-07-10,Late Delivery,69.96,36.83,True
RET-000984,ORD-017775,2024-09-09,Buyer Remorse,356.82,35.53,True
RET-000985,ORD-017785,2024-08-26,Wrong Size / Fit,46.54,47.05,True
RET-000986,ORD-017807,2024-09-25,Wrong Size / Fit,64.72,36.81,True
RET-000987,ORD-017823,2024-05-29,Wrong Size / Fit,312.71,51.53,True
RET-000988,ORD-017833,2024-05-20,Late Delivery,64.0,39.0,False
RET-000989,ORD-017878,2024-04-15,Wrong Size / Fit,96.51,47.94,False
RET-000990,ORD-017889,2024-05-04,Buyer Remorse,454.24,35.56,True
RET-000991,ORD-017903,2024-07-23,Item Defective,116.02,49.46,True
RET-000992,ORD-017916,2024-08-29,Wrong Size / Fit,869.83,45.12,True
RET-000993,ORD-017949,2024-04-29,Wrong Size / Fit,60.33,51.1,True
RET-000994,ORD-018034,2024-09-25,Wrong Size / Fit,69.97,42.0,False
RET-000995,ORD-018036,2024-06-20,Wrong Size / Fit,127.82,41.64,True
RET-000996,ORD-018048,2024-07-02,Wrong Size / Fit,121.02,44.5,True
RET-000997,ORD-018072,2024-04-27,Late Delivery,200.28,35.18,False
RET-000998,ORD-018075,2024-10-04,Wrong Size / Fit,134.8,46.07,True
RET-000999,ORD-018099,2024-08-04,Item Defective,35.2,40.32,True
RET-001000,ORD-018121,2024-09-01,Buyer Remorse,80.07,35.4,True
RET-001001,ORD-018127,2024-09-17,Late Delivery,15.11,50.91,True
RET-001002,ORD-018144,2024-08-18,Late Delivery,141.63,43.74,True
RET-001003,ORD-018146,2024-05-25,Item Defective,37.58,39.75,True
RET-001004,ORD-018148,2024-08-18,Wrong Size / Fit,25.85,42.55,True
RET-001005,ORD-018171,2024-07-10,Wrong Size / Fit,435.79,44.83,True
RET-001006,ORD-018174,2024-08-29,Item Defective,289.79,37.83,True
RET-001007,ORD-018191,2024-10-01,Item Defective,25.61,48.73,True
RET-001008,ORD-018214,2024-04-30,Item Defective,31.2,43.89,True
RET-001009,ORD-018238,2024-09-05,Item Defective,273.98,47.22,True
RET-001010,ORD-018243,2024-05-28,Buyer Remorse,18.87,39.28,True
RET-001011,ORD-018268,2024-04-22,Wrong Size / Fit,163.4,40.11,True
RET-001012,ORD-018319,2024-04-06,Late Delivery,167.34,50.97,True
RET-001013,ORD-018321,2024-04-23,Late Delivery,74.1,50.9,True
RET-001014,ORD-018371,2024-07-07,Item Defective,269.86,36.83,True
RET-001015,ORD-018378,2024-08-04,Item Defective,29.6,40.3,True
RET-001016,ORD-018400,2024-06-07,Item Defective,587.99,44.16,True
RET-001017,ORD-018413,2024-04-27,Wrong Size / Fit,63.48,46.29,True
RET-001018,ORD-018417,2024-06-05,Late Delivery,173.59,43.89,True
RET-001019,ORD-018424,2024-04-11,Late Delivery,125.92,38.27,True
RET-001020,ORD-018454,2024-04-08,Item Defective,88.85,42.05,True
RET-001021,ORD-018456,2024-04-23,Item Defective,87.07,46.21,True
RET-001022,ORD-018460,2024-05-15,Wrong Size / Fit,46.06,50.14,True
RET-001023,ORD-018470,2024-09-29,Wrong Size / Fit,37.04,50.75,True
RET-001024,ORD-018479,2024-04-11,Wrong Size / Fit,82.37,45.73,True
RET-001025,ORD-018486,2024-10-07,Wrong Size / Fit,110.16,51.17,False
RET-001026,ORD-018490,2024-09-13,Wrong Size / Fit,346.38,37.86,True
RET-001027,ORD-018497,2024-09-03,Wrong Size / Fit,62.14,44.5,True
RET-001028,ORD-018500,2024-07-21,Wrong Size / Fit,228.42,48.74,True
RET-001029,ORD-018521,2024-05-24,Wrong Size / Fit,152.58,45.23,True
RET-001030,ORD-018523,2024-07-21,Buyer Remorse,72.02,44.35,True
RET-001031,ORD-018595,2024-08-06,Wrong Size / Fit,365.78,42.84,True
RET-001032,ORD-018597,2024-06-24,Item Defective,824.92,47.18,True
RET-001033,ORD-018599,2024-06-20,Wrong Size / Fit,63.98,39.05,False
RET-001034,ORD-018602,2024-09-07,Buyer Remorse,40.14,44.66,True
RET-001035,ORD-018652,2024-05-05,Wrong Size / Fit,56.13,48.03,True
RET-001036,ORD-018659,2024-04-11,Item Defective,15.63,38.35,True
RET-001037,ORD-018690,2024-07-26,Wrong Size / Fit,81.98,39.97,True
RET-001038,ORD-018694,2024-09-18,Wrong Size / Fit,186.89,51.58,True
RET-001039,ORD-018701,2024-05-12,Late Delivery,225.08,39.88,True
RET-001040,ORD-018728,2024-07-19,Buyer Remorse,18.09,38.95,True
RET-001041,ORD-018733,2024-09-28,Wrong Size / Fit,36.48,49.76,True
RET-001042,ORD-018755,2024-05-09,Buyer Remorse,145.7,51.34,True
RET-001043,ORD-018759,2024-09-17,Late Delivery,26.95,35.29,True
RET-001044,ORD-018762,2024-06-20,Late Delivery,473.28,45.36,True
RET-001045,ORD-018763,2024-07-12,Wrong Size / Fit,313.72,42.9,True
RET-001046,ORD-018765,2024-08-28,Item Defective,96.24,49.92,True
RET-001047,ORD-018769,2024-07-02,Wrong Size / Fit,362.91,38.05,False
RET-001048,ORD-018772,2024-04-21,Item Defective,546.47,41.8,True
RET-001049,ORD-018777,2024-09-09,Buyer Remorse,189.96,46.68,True
RET-001050,ORD-018807,2024-09-07,Item Defective,359.81,35.41,True
RET-001051,ORD-018828,2024-08-26,Item Defective,30.17,47.62,True
RET-001052,ORD-018849,2024-04-28,Item Defective,122.71,51.84,True
RET-001053,ORD-018858,2024-08-01,Item Defective,260.13,47.62,True
RET-001054,ORD-018889,2024-08-24,Item Defective,260.57,40.3,True
RET-001055,ORD-018890,2024-04-30,Late Delivery,261.4,40.05,False
RET-001056,ORD-018980,2024-08-19,Buyer Remorse,78.55,46.69,True
RET-001057,ORD-018988,2024-05-15,Item Defective,63.03,47.35,True
RET-001058,ORD-019097,2024-05-02,Item Defective,19.05,38.63,True
RET-001059,ORD-019129,2024-04-09,Late Delivery,86.44,37.37,False
RET-001060,ORD-019140,2024-08-23,Wrong Size / Fit,212.91,50.77,True
RET-001061,ORD-019152,2024-05-25,Wrong Size / Fit,15.62,37.99,True
RET-001062,ORD-019171,2024-08-01,Wrong Size / Fit,26.85,41.97,True
RET-001063,ORD-019180,2024-08-16,Wrong Size / Fit,875.52,45.43,True
RET-001064,ORD-019204,2024-07-10,Wrong Size / Fit,214.72,46.67,True
RET-001065,ORD-019234,2024-08-24,Item Defective,65.47,44.32,True
RET-001066,ORD-019240,2024-09-12,Wrong Size / Fit,59.26,45.8,True
RET-001067,ORD-019250,2024-05-17,Late Delivery,127.12,38.73,True
RET-001068,ORD-019341,2024-05-09,Wrong Size / Fit,482.86,39.01,True
RET-001069,ORD-019344,2024-06-02,Item Defective,365.3,39.91,True
RET-001070,ORD-019458,2024-10-05,Item Defective,410.71,43.56,True
RET-001071,ORD-019463,2024-06-05,Item Defective,193.0,39.42,True
RET-001072,ORD-019464,2024-04-20,Wrong Size / Fit,609.83,39.11,True
RET-001073,ORD-019475,2024-05-02,Item Defective,44.09,47.72,True
RET-001074,ORD-019495,2024-08-13,Late Delivery,81.93,48.0,True
RET-001075,ORD-019509,2024-09-20,Wrong Size / Fit,14.77,46.36,True
RET-001076,ORD-019513,2024-10-07,Item Defective,132.32,39.21,True
RET-001077,ORD-019531,2024-07-05,Wrong Size / Fit,185.08,45.28,True
RET-001078,ORD-019538,2024-07-29,Wrong Size / Fit,231.52,42.1,True
RET-001079,ORD-019567,2024-07-02,Wrong Size / Fit,61.49,51.64,True
RET-001080,ORD-019576,2024-09-11,Wrong Size / Fit,118.19,47.66,True
RET-001081,ORD-019579,2024-08-13,Wrong Size / Fit,170.29,48.89,True
RET-001082,ORD-019582,2024-07-08,Wrong Size / Fit,39.16,37.03,True
RET-001083,ORD-019598,2024-08-05,Item Defective,37.02,49.21,True
RET-001084,ORD-019629,2024-07-29,Late Delivery,35.05,44.93,True
RET-001085,ORD-019660,2024-09-15,Wrong Size / Fit,36.01,41.26,False
RET-001086,ORD-019664,2024-08-26,Item Defective,79.76,40.85,True
RET-001087,ORD-019665,2024-07-27,Wrong Size / Fit,122.13,45.46,True
RET-001088,ORD-019693,2024-06-01,Wrong Size / Fit,373.78,47.98,True
RET-001089,ORD-019699,2024-04-30,Late Delivery,144.1,50.59,False
RET-001090,ORD-019719,2024-09-04,Item Defective,51.34,50.03,True
RET-001091,ORD-019726,2024-05-05,Late Delivery,258.68,40.77,True
RET-001092,ORD-019757,2024-07-27,Late Delivery,166.05,49.6,True
RET-001093,ORD-019828,2024-07-11,Buyer Remorse,142.84,35.38,True
RET-001094,ORD-019833,2024-07-27,Wrong Size / Fit,154.63,47.5,True
RET-001095,ORD-019841,2024-09-20,Wrong Size / Fit,241.79,50.9,True
RET-001096,ORD-019858,2024-08-26,Item Defective,233.64,37.79,True
RET-001097,ORD-019926,2024-08-13,Item Defective,167.97,46.1,False
RET-001098,ORD-019939,2024-08-18,Wrong Size / Fit,160.19,39.26,True
RET-001099,ORD-020011,2024-06-29,Wrong Size / Fit,95.2,44.76,True
RET-001100,ORD-020032,2024-06-06,Buyer Remorse,445.4,46.41,True
RET-001101,ORD-020040,2024-05-17,Wrong Size / Fit,1038.26,44.75,True
RET-001102,ORD-020077,2024-07-19,Wrong Size / Fit,173.42,51.86,True
RET-001103,ORD-020080,2024-09-21,Buyer Remorse,119.04,43.71,True
RET-001104,ORD-020085,2024-05-02,Late Delivery,229.55,41.69,True
RET-001105,ORD-020105,2024-08-03,Buyer Remorse,266.51,43.43,True
RET-001106,ORD-020129,2024-07-02,Item Defective,380.56,43.81,True
RET-001107,ORD-020158,2024-09-19,Item Defective,374.78,51.58,True
RET-001108,ORD-020207,2024-06-11,Buyer Remorse,332.45,50.8,True
RET-001109,ORD-020209,2024-07-13,Buyer Remorse,293.07,39.66,True
RET-001110,ORD-020227,2024-04-13,Wrong Size / Fit,560.24,42.29,True
RET-001111,ORD-020300,2024-05-12,Item Defective,259.82,36.35,True
RET-001112,ORD-020304,2024-08-16,Wrong Size / Fit,14.92,49.99,True
RET-001113,ORD-020339,2024-04-27,Wrong Size / Fit,54.24,35.49,True
RET-001114,ORD-020351,2024-05-26,Wrong Size / Fit,414.08,40.84,True
RET-001115,ORD-020359,2024-08-05,Wrong Size / Fit,130.05,50.2,True
RET-001116,ORD-020449,2024-06-29,Wrong Size / Fit,93.76,51.4,False
RET-001117,ORD-020462,2024-05-08,Wrong Size / Fit,92.29,42.54,False
RET-001118,ORD-020467,2024-07-29,Wrong Size / Fit,265.02,40.4,False
RET-001119,ORD-020487,2024-05-02,Item Defective,191.16,48.13,True
RET-001120,ORD-020502,2024-07-20,Late Delivery,81.78,51.89,True
RET-001121,ORD-020508,2024-07-12,Buyer Remorse,72.68,47.82,False
RET-001122,ORD-020521,2024-08-13,Item Defective,426.77,50.25,True
RET-001123,ORD-020537,2024-05-16,Item Defective,192.87,49.44,False
RET-001124,ORD-020557,2024-04-23,Wrong Size / Fit,276.81,37.9,True
RET-001125,ORD-020566,2024-09-28,Buyer Remorse,259.96,37.46,True
RET-001126,ORD-020574,2024-06-06,Buyer Remorse,420.5,42.28,False
RET-001127,ORD-020587,2024-09-27,Wrong Size / Fit,14.77,46.35,True
RET-001128,ORD-020600,2024-07-03,Wrong Size / Fit,192.77,42.37,True
RET-001129,ORD-020605,2024-06-20,Item Defective,93.76,49.78,True
RET-001130,ORD-020642,2024-09-07,Wrong Size / Fit,152.91,38.24,True
RET-001131,ORD-020646,2024-08-31,Wrong Size / Fit,959.52,48.79,True
RET-001132,ORD-020649,2024-07-07,Wrong Size / Fit,37.12,44.47,True
RET-001133,ORD-020670,2024-07-20,Late Delivery,480.08,37.96,True
RET-001134,ORD-020684,2024-05-19,Wrong Size / Fit,166.85,41.7,True
RET-001135,ORD-020694,2024-06-28,Wrong Size / Fit,18.79,48.82,True
RET-001136,ORD-020708,2024-04-23,Late Delivery,93.62,39.09,False
RET-001137,ORD-020711,2024-07-05,Late Delivery,38.11,37.57,False
RET-001138,ORD-020732,2024-09-02,Wrong Size / Fit,148.39,38.98,True
RET-001139,ORD-020769,2024-10-04,Late Delivery,848.1,38.1,False
RET-001140,ORD-020771,2024-05-03,Wrong Size / Fit,38.28,35.21,True
RET-001141,ORD-020787,2024-07-17,Wrong Size / Fit,59.82,46.38,True
RET-001142,ORD-020793,2024-06-08,Wrong Size / Fit,43.89,38.47,True
RET-001143,ORD-020800,2024-10-03,Late Delivery,295.17,41.0,True
RET-001144,ORD-020892,2024-04-16,Late Delivery,92.99,43.65,True
RET-001145,ORD-020938,2024-05-16,Wrong Size / Fit,26.96,44.51,False
RET-001146,ORD-020950,2024-05-29,Item Defective,641.17,37.67,True
RET-001147,ORD-020952,2024-06-11,Wrong Size / Fit,142.49,36.5,True
RET-001148,ORD-020960,2024-09-06,Item Defective,182.45,49.87,True
RET-001149,ORD-020979,2024-09-01,Late Delivery,292.74,45.94,True
RET-001150,ORD-020982,2024-04-16,Late Delivery,538.93,39.87,True
RET-001151,ORD-020999,2024-07-06,Wrong Size / Fit,606.12,38.37,True
RET-001152,ORD-021036,2024-07-18,Item Defective,419.45,36.41,False
RET-001153,ORD-021046,2024-07-23,Item Defective,84.21,45.72,True
RET-001154,ORD-021052,2024-06-28,Item Defective,288.41,36.92,True
RET-001155,ORD-021063,2024-08-02,Wrong Size / Fit,281.69,41.24,True
RET-001156,ORD-021069,2024-04-24,Wrong Size / Fit,80.9,50.95,True
RET-001157,ORD-021080,2024-07-20,Late Delivery,81.74,48.93,True
RET-001158,ORD-021108,2024-04-25,Late Delivery,59.99,43.22,True
RET-001159,ORD-021126,2024-08-02,Late Delivery,53.56,42.81,True
RET-001160,ORD-021129,2024-08-23,Buyer Remorse,476.16,51.91,True
RET-001161,ORD-021222,2024-08-11,Item Defective,453.25,43.98,True
RET-001162,ORD-021250,2024-06-23,Late Delivery,562.08,35.36,True
RET-001163,ORD-021302,2024-06-09,Wrong Size / Fit,54.79,41.04,True
RET-001164,ORD-021303,2024-08-03,Wrong Size / Fit,1237.11,48.98,False
RET-001165,ORD-021347,2024-09-26,Item Defective,169.88,50.14,True
RET-001166,ORD-021373,2024-09-15,Wrong Size / Fit,241.29,50.02,True
RET-001167,ORD-021407,2024-08-30,Wrong Size / Fit,70.49,36.61,True
RET-001168,ORD-021421,2024-08-31,Wrong Size / Fit,53.05,49.64,True
RET-001169,ORD-021430,2024-05-01,Buyer Remorse,40.74,49.45,False
RET-001170,ORD-021444,2024-05-25,Late Delivery,122.41,41.73,True
RET-001171,ORD-021466,2024-09-01,Wrong Size / Fit,30.25,48.9,True
RET-001172,ORD-021483,2024-06-20,Wrong Size / Fit,952.85,43.04,True
RET-001173,ORD-021534,2024-06-12,Wrong Size / Fit,48.32,40.68,True
RET-001174,ORD-021565,2024-04-09,Buyer Remorse,83.01,38.75,True
RET-001175,ORD-021566,2024-05-03,Wrong Size / Fit,567.96,51.05,True
RET-001176,ORD-021567,2024-07-17,Wrong Size / Fit,164.93,49.01,True
RET-001177,ORD-021568,2024-04-23,Late Delivery,516.01,39.14,False
RET-001178,ORD-021570,2024-08-31,Item Defective,132.22,41.77,True
RET-001179,ORD-021596,2024-07-31,Buyer Remorse,101.1,41.6,False
RET-001180,ORD-021598,2024-05-26,Late Delivery,73.39,46.15,True
RET-001181,ORD-021616,2024-09-10,Wrong Size / Fit,416.47,40.02,True
RET-001182,ORD-021626,2024-05-19,Late Delivery,1134.08,48.67,True
RET-001183,ORD-021630,2024-04-19,Wrong Size / Fit,1003.98,49.4,True
RET-001184,ORD-021695,2024-06-10,Item Defective,365.13,36.09,True
RET-001185,ORD-021696,2024-09-30,Wrong Size / Fit,179.16,46.33,True
RET-001186,ORD-021733,2024-09-29,Wrong Size / Fit,245.04,46.61,True
RET-001187,ORD-021736,2024-08-06,Late Delivery,58.43,41.57,True
RET-001188,ORD-021772,2024-06-08,Buyer Remorse,985.53,48.12,True
RET-001189,ORD-021792,2024-09-13,Wrong Size / Fit,83.49,35.5,True
RET-001190,ORD-021803,2024-06-05,Late Delivery,62.01,35.06,True
RET-001191,ORD-021807,2024-05-08,Wrong Size / Fit,43.6,47.61,True
RET-001192,ORD-021809,2024-08-01,Item Defective,423.72,42.88,True
RET-001193,ORD-021814,2024-04-21,Wrong Size / Fit,63.15,39.43,True
RET-001194,ORD-021870,2024-06-09,Item Defective,1018.67,35.58,True
RET-001195,ORD-021889,2024-04-29,Item Defective,294.64,37.32,True
RET-001196,ORD-021901,2024-07-13,Wrong Size / Fit,115.81,40.56,True
RET-001197,ORD-021908,2024-10-07,Item Defective,377.16,49.43,True
RET-001198,ORD-021915,2024-09-27,Item Defective,77.62,46.13,True
RET-001199,ORD-021916,2024-06-26,Wrong Size / Fit,60.58,51.31,True
RET-001200,ORD-021924,2024-10-06,Item Defective,143.02,43.11,True
RET-001201,ORD-021949,2024-09-30,Wrong Size / Fit,124.44,44.39,False
RET-001202,ORD-021992,2024-05-06,Item Defective,134.92,46.16,True
RET-001203,ORD-022000,2024-04-24,Item Defective,379.39,35.25,False
RET-001204,ORD-022031,2024-09-11,Late Delivery,90.57,38.74,True
RET-001205,ORD-022033,2024-06-15,Wrong Size / Fit,134.89,35.02,True
RET-001206,ORD-022045,2024-05-28,Wrong Size / Fit,30.83,45.58,True
RET-001207,ORD-022056,2024-09-14,Wrong Size / Fit,464.51,39.22,True
RET-001208,ORD-022070,2024-09-14,Buyer Remorse,121.51,37.18,True
RET-001209,ORD-022081,2024-08-26,Late Delivery,61.03,36.4,True
RET-001210,ORD-022086,2024-09-23,Wrong Size / Fit,178.46,36.55,True
RET-001211,ORD-022094,2024-08-20,Wrong Size / Fit,35.08,40.67,False
RET-001212,ORD-022107,2024-05-21,Wrong Size / Fit,187.53,50.19,True
RET-001213,ORD-022121,2024-05-16,Wrong Size / Fit,30.74,49.95,True
RET-001214,ORD-022149,2024-08-09,Item Defective,25.78,35.49,True
RET-001215,ORD-022153,2024-06-02,Late Delivery,63.86,40.15,True
RET-001216,ORD-022166,2024-09-16,Late Delivery,240.65,48.78,True
RET-001217,ORD-022170,2024-10-01,Wrong Size / Fit,51.35,48.18,True
RET-001218,ORD-022172,2024-07-05,Wrong Size / Fit,1066.16,51.13,True
RET-001219,ORD-022215,2024-09-09,Item Defective,102.12,50.51,True
RET-001220,ORD-022235,2024-08-12,Wrong Size / Fit,18.27,42.15,False
RET-001221,ORD-022266,2024-04-19,Late Delivery,124.32,50.59,True
RET-001222,ORD-022292,2024-08-13,Wrong Size / Fit,123.56,51.98,True
RET-001223,ORD-022304,2024-04-30,Wrong Size / Fit,338.2,35.34,True
RET-001224,ORD-022306,2024-06-25,Item Defective,30.84,39.86,True
RET-001225,ORD-022317,2024-04-13,Wrong Size / Fit,28.53,49.79,True
RET-001226,ORD-022342,2024-09-03,Late Delivery,903.1,45.52,True
RET-001227,ORD-022345,2024-07-22,Item Defective,70.54,51.63,False
RET-001228,ORD-022348,2024-08-28,Wrong Size / Fit,91.58,35.17,True
RET-001229,ORD-022385,2024-06-22,Item Defective,119.49,45.64,True
RET-001230,ORD-022414,2024-07-22,Late Delivery,251.77,47.95,True
RET-001231,ORD-022425,2024-04-19,Late Delivery,31.18,49.91,True
RET-001232,ORD-022453,2024-04-25,Wrong Size / Fit,801.65,49.35,True
RET-001233,ORD-022495,2024-09-29,Item Defective,164.2,43.09,True
RET-001234,ORD-022501,2024-10-07,Item Defective,65.79,36.15,True
RET-001235,ORD-022563,2024-05-03,Wrong Size / Fit,608.77,48.81,True
RET-001236,ORD-022583,2024-05-15,Item Defective,73.4,41.25,True
RET-001237,ORD-022615,2024-08-16,Wrong Size / Fit,39.87,47.81,True
RET-001238,ORD-022642,2024-08-27,Item Defective,26.45,37.72,True
RET-001239,ORD-022707,2024-10-05,Item Defective,229.36,42.08,True
RET-001240,ORD-022724,2024-10-02,Wrong Size / Fit,30.51,36.3,True
RET-001241,ORD-022740,2024-06-29,Late Delivery,62.86,51.32,True
RET-001242,ORD-022757,2024-04-22,Item Defective,248.45,39.39,True
RET-001243,ORD-022775,2024-09-02,Wrong Size / Fit,35.45,35.97,True
RET-001244,ORD-022778,2024-06-25,Wrong Size / Fit,183.77,41.27,True
RET-001245,ORD-022788,2024-06-03,Wrong Size / Fit,92.67,38.34,True
RET-001246,ORD-022841,2024-09-21,Item Defective,126.46,43.69,True
RET-001247,ORD-022843,2024-07-17,Late Delivery,184.54,48.74,True
RET-001248,ORD-022946,2024-05-24,Item Defective,47.48,39.57,True
RET-001249,ORD-022963,2024-07-21,Late Delivery,170.64,35.74,True
RET-001250,ORD-022979,2024-08-17,Late Delivery,177.17,46.19,True
RET-001251,ORD-022984,2024-05-27,Item Defective,102.45,42.83,False
RET-001252,ORD-022989,2024-05-10,Wrong Size / Fit,183.59,43.83,True
RET-001253,ORD-022993,2024-05-11,Wrong Size / Fit,658.96,38.58,True
RET-001254,ORD-023002,2024-09-05,Wrong Size / Fit,46.1,40.71,True
RET-001255,ORD-023118,2024-09-20,Item Defective,29.92,36.37,False
RET-001256,ORD-023158,2024-05-09,Buyer Remorse,152.62,48.27,True
RET-001257,ORD-023171,2024-07-10,Wrong Size / Fit,69.22,47.51,True
RET-001258,ORD-023176,2024-09-30,Late Delivery,78.32,48.85,True
RET-001259,ORD-023196,2024-05-03,Late Delivery,62.41,46.9,True
RET-001260,ORD-023215,2024-09-20,Wrong Size / Fit,181.16,38.08,True
RET-001261,ORD-023216,2024-04-21,Late Delivery,439.25,46.78,True
RET-001262,ORD-023218,2024-06-07,Buyer Remorse,989.23,38.43,True
RET-001263,ORD-023236,2024-07-01,Item Defective,60.79,47.52,True
RET-001264,ORD-023248,2024-09-14,Late Delivery,268.58,46.18,True
RET-001265,ORD-023260,2024-09-23,Wrong Size / Fit,25.98,40.52,True
RET-001266,ORD-023261,2024-07-25,Late Delivery,262.55,51.51,True
RET-001267,ORD-023303,2024-06-14,Buyer Remorse,277.98,50.73,True
RET-001268,ORD-023311,2024-05-16,Item Defective,26.93,37.62,True
RET-001269,ORD-023316,2024-09-12,Late Delivery,38.51,42.57,True
RET-001270,ORD-023318,2024-07-14,Item Defective,186.25,41.98,False
RET-001271,ORD-023324,2024-07-05,Late Delivery,81.85,41.94,True
RET-001272,ORD-023332,2024-05-29,Wrong Size / Fit,15.53,39.32,True
RET-001273,ORD-023351,2024-09-22,Item Defective,355.58,37.33,True
RET-001274,ORD-023382,2024-09-27,Late Delivery,39.6,51.31,True
RET-001275,ORD-023409,2024-08-28,Item Defective,54.8,47.61,True
RET-001276,ORD-023457,2024-04-08,Item Defective,383.8,44.99,True
RET-001277,ORD-023467,2024-06-02,Item Defective,405.14,49.92,True
RET-001278,ORD-023469,2024-05-15,Late Delivery,28.56,43.63,True
RET-001279,ORD-023478,2024-07-30,Wrong Size / Fit,106.23,45.51,True
RET-001280,ORD-023481,2024-08-30,Item Defective,35.73,43.36,True
RET-001281,ORD-023489,2024-10-09,Wrong Size / Fit,46.13,48.83,True
RET-001282,ORD-023513,2024-05-27,Wrong Size / Fit,261.02,46.94,True
RET-001283,ORD-023515,2024-08-13,Wrong Size / Fit,35.83,50.4,False
RET-001284,ORD-023526,2024-05-21,Late Delivery,187.86,38.02,True
RET-001285,ORD-023608,2024-09-22,Item Defective,486.27,37.87,True
RET-001286,ORD-023657,2024-04-28,Late Delivery,208.89,40.61,True
RET-001287,ORD-023681,2024-10-08,Wrong Size / Fit,70.92,46.02,True
RET-001288,ORD-023683,2024-06-05,Wrong Size / Fit,37.63,43.15,True
RET-001289,ORD-023691,2024-06-30,Wrong Size / Fit,394.91,50.14,True
RET-001290,ORD-023692,2024-09-27,Late Delivery,360.79,46.39,True
RET-001291,ORD-023706,2024-07-18,Wrong Size / Fit,417.01,45.78,True
RET-001292,ORD-023762,2024-04-26,Late Delivery,116.93,38.69,True
RET-001293,ORD-023797,2024-06-13,Buyer Remorse,1384.84,35.61,True
RET-001294,ORD-023818,2024-09-22,Late Delivery,557.9,43.29,True
RET-001295,ORD-023824,2024-05-05,Late Delivery,376.26,49.52,True
RET-001296,ORD-023834,2024-07-05,Item Defective,393.97,35.74,False
RET-001297,ORD-023840,2024-09-08,Wrong Size / Fit,185.78,50.73,True
RET-001298,ORD-023848,2024-05-14,Wrong Size / Fit,223.66,43.09,True
RET-001299,ORD-023872,2024-07-15,Item Defective,115.97,35.31,True
RET-001300,ORD-023912,2024-08-06,Wrong Size / Fit,45.89,40.12,True
RET-001301,ORD-023914,2024-04-11,Buyer Remorse,263.76,39.66,False
RET-001302,ORD-023935,2024-09-16,Item Defective,157.16,36.12,False
RET-001303,ORD-023946,2024-08-13,Late Delivery,78.83,50.55,True
RET-001304,ORD-024018,2024-06-04,Wrong Size / Fit,476.36,49.26,True
RET-001305,ORD-024025,2024-09-02,Late Delivery,176.71,35.88,True
RET-001306,ORD-024034,2024-08-20,Wrong Size / Fit,59.1,47.43,True
RET-001307,ORD-024036,2024-05-13,Wrong Size / Fit,517.01,51.28,True
RET-001308,ORD-024037,2024-06-01,Item Defective,243.87,39.07,True
RET-001309,ORD-024039,2024-08-03,Wrong Size / Fit,26.73,38.0,True
RET-001310,ORD-024044,2024-04-30,Wrong Size / Fit,118.87,36.46,True
RET-001311,ORD-024052,2024-07-19,Wrong Size / Fit,120.09,47.08,True
RET-001312,ORD-024053,2024-06-24,Late Delivery,121.95,35.69,True
RET-001313,ORD-024069,2024-04-10,Late Delivery,122.37,46.06,True
RET-001314,ORD-024072,2024-05-27,Wrong Size / Fit,93.24,38.97,False
RET-001315,ORD-024095,2024-06-18,Late Delivery,41.02,48.56,True
RET-001316,ORD-024104,2024-08-20,Wrong Size / Fit,351.67,43.83,True
RET-001317,ORD-024126,2024-07-13,Buyer Remorse,45.68,35.82,False
RET-001318,ORD-024155,2024-07-22,Item Defective,69.3,51.55,True
RET-001319,ORD-024172,2024-08-25,Wrong Size / Fit,479.31,45.88,True
RET-001320,ORD-024197,2024-08-14,Buyer Remorse,17.99,49.71,True
RET-001321,ORD-024222,2024-06-19,Wrong Size / Fit,91.23,39.25,True
RET-001322,ORD-024228,2024-05-05,Buyer Remorse,36.56,45.71,True
RET-001323,ORD-024235,2024-07-16,Late Delivery,420.77,36.04,True
RET-001324,ORD-024236,2024-04-23,Late Delivery,740.27,38.08,True
RET-001325,ORD-024240,2024-05-01,Item Defective,151.9,47.5,True
RET-001326,ORD-024277,2024-09-21,Wrong Size / Fit,249.83,41.87,True
RET-001327,ORD-024300,2024-05-07,Item Defective,224.71,36.94,True
RET-001328,ORD-024327,2024-06-14,Item Defective,436.28,50.14,True
RET-001329,ORD-024346,2024-06-15,Late Delivery,47.33,46.02,True
RET-001330,ORD-024358,2024-05-22,Wrong Size / Fit,280.55,51.57,True
RET-001331,ORD-024369,2024-05-09,Item Defective,242.84,38.96,True
RET-001332,ORD-024374,2024-04-09,Item Defective,15.7,39.21,True
RET-001333,ORD-024384,2024-09-15,Wrong Size / Fit,211.08,45.47,False
RET-001334,ORD-024392,2024-06-01,Item Defective,230.07,37.15,True
RET-001335,ORD-024421,2024-07-09,Wrong Size / Fit,135.36,50.17,True
RET-001336,ORD-024431,2024-04-24,Late Delivery,186.96,35.87,False
RET-001337,ORD-024442,2024-08-21,Item Defective,210.85,36.5,False
RET-001338,ORD-024465,2024-08-21,Late Delivery,74.39,45.82,True
RET-001339,ORD-024495,2024-07-01,Wrong Size / Fit,208.61,43.77,False
RET-001340,ORD-024502,2024-09-13,Buyer Remorse,1060.2,36.67,True
RET-001341,ORD-024520,2024-08-17,Late Delivery,859.09,36.42,True
RET-001342,ORD-024540,2024-10-02,Item Defective,77.74,41.92,True
RET-001343,ORD-024546,2024-06-14,Item Defective,530.99,44.26,True
RET-001344,ORD-024552,2024-09-23,Buyer Remorse,263.43,47.52,False
RET-001345,ORD-024580,2024-09-18,Item Defective,357.39,45.39,True
RET-001346,ORD-024611,2024-04-06,Late Delivery,137.48,40.97,True
RET-001347,ORD-024626,2024-08-16,Late Delivery,25.83,44.23,False
RET-001348,ORD-024628,2024-10-01,Wrong Size / Fit,192.74,36.23,False
RET-001349,ORD-024632,2024-09-18,Item Defective,56.88,43.03,False
RET-001350,ORD-024636,2024-04-14,Wrong Size / Fit,282.75,37.66,True
RET-001351,ORD-024652,2024-04-19,Wrong Size / Fit,121.61,47.44,False
RET-001352,ORD-024675,2024-05-18,Item Defective,149.79,43.16,True
RET-001353,ORD-024690,2024-07-15,Item Defective,54.06,38.96,True
RET-001354,ORD-024694,2024-08-16,Item Defective,931.72,37.19,True
RET-001355,ORD-024727,2024-07-09,Wrong Size / Fit,571.17,41.9,True
RET-001356,ORD-024748,2024-04-16,Late Delivery,366.87,46.6,True
RET-001357,ORD-024777,2024-07-19,Late Delivery,197.11,42.02,True
RET-001358,ORD-024782,2024-07-24,Item Defective,78.39,42.46,True
RET-001359,ORD-024787,2024-09-30,Item Defective,182.98,49.1,True
RET-001360,ORD-024796,2024-09-29,Wrong Size / Fit,29.49,50.83,True
RET-001361,ORD-024817,2024-05-10,Item Defective,1053.36,49.2,True
RET-001362,ORD-024842,2024-09-16,Wrong Size / Fit,162.77,45.52,True
RET-001363,ORD-024848,2024-05-27,Item Defective,180.37,40.3,True
RET-001364,ORD-024858,2024-06-28,Wrong Size / Fit,476.76,42.36,True
RET-001365,ORD-024863,2024-07-17,Item Defective,303.32,43.0,True
RET-001366,ORD-024878,2024-08-05,Wrong Size / Fit,445.18,46.51,True
RET-001367,ORD-024879,2024-10-04,Wrong Size / Fit,89.29,46.02,False
RET-001368,ORD-024881,2024-07-30,Item Defective,58.3,43.8,True
RET-001369,ORD-024919,2024-09-28,Late Delivery,55.0,51.98,True
RET-001370,ORD-024920,2024-07-16,Item Defective,68.0,49.68,False
RET-001371,ORD-024939,2024-06-17,Wrong Size / Fit,88.33,49.51,True
RET-001372,ORD-024945,2024-07-21,Buyer Remorse,320.47,41.17,True
RET-001373,ORD-024971,2024-04-10,Wrong Size / Fit,467.05,44.27,True
RET-001374,ORD-024981,2024-06-26,Item Defective,75.43,39.5,True
RET-001375,ORD-025046,2024-09-11,Late Delivery,374.11,37.73,True
RET-001376,ORD-025065,2024-08-06,Item Defective,159.92,48.11,True
RET-001377,ORD-025083,2024-07-24,Item Defective,161.91,46.95,True
RET-001378,ORD-025085,2024-06-16,Wrong Size / Fit,183.45,51.33,True
RET-001379,ORD-025100,2024-05-09,Wrong Size / Fit,107.87,37.07,True
RET-001380,ORD-025106,2024-06-04,Wrong Size / Fit,136.97,38.87,True
RET-001381,ORD-025123,2024-06-05,Late Delivery,169.36,42.17,True
RET-001382,ORD-025145,2024-09-05,Late Delivery,876.17,50.46,True
RET-001383,ORD-025152,2024-07-04,Item Defective,375.13,39.78,False
RET-001384,ORD-025156,2024-09-13,Wrong Size / Fit,30.13,49.51,True
RET-001385,ORD-025179,2024-09-28,Wrong Size / Fit,39.65,36.0,True
RET-001386,ORD-025246,2024-05-21,Wrong Size / Fit,130.96,37.82,True
RET-001387,ORD-025266,2024-08-31,Late Delivery,564.69,43.72,True
RET-001388,ORD-025280,2024-08-09,Wrong Size / Fit,35.11,51.08,True
RET-001389,ORD-025337,2024-05-14,Item Defective,940.52,47.7,False
RET-001390,ORD-025370,2024-09-17,Item Defective,39.59,36.78,True
RET-001391,ORD-025397,2024-08-31,Item Defective,177.76,35.1,True
RET-001392,ORD-025415,2024-05-06,Late Delivery,770.99,47.62,True
RET-001393,ORD-025435,2024-07-04,Item Defective,160.05,37.87,True
RET-001394,ORD-025452,2024-06-13,Wrong Size / Fit,167.16,36.35,True
RET-001395,ORD-025453,2024-05-23,Wrong Size / Fit,625.38,42.2,True
RET-001396,ORD-025460,2024-04-10,Wrong Size / Fit,56.98,43.15,True
RET-001397,ORD-025483,2024-06-28,Late Delivery,131.05,46.63,True
RET-001398,ORD-025503,2024-07-16,Wrong Size / Fit,87.93,41.34,True
RET-001399,ORD-025534,2024-06-05,Buyer Remorse,182.6,46.91,True
RET-001400,ORD-025535,2024-08-19,Wrong Size / Fit,86.94,50.01,True
RET-001401,ORD-025544,2024-07-24,Late Delivery,181.16,46.06,True
RET-001402,ORD-025584,2024-04-26,Wrong Size / Fit,38.04,49.62,True
RET-001403,ORD-025620,2024-05-27,Item Defective,699.2,48.6,True
RET-001404,ORD-025649,2024-09-19,Item Defective,999.73,48.66,True
RET-001405,ORD-025674,2024-09-25,Wrong Size / Fit,426.3,39.48,True
RET-001406,ORD-025682,2024-09-30,Wrong Size / Fit,88.15,46.13,True
RET-001407,ORD-025683,2024-09-11,Item Defective,26.81,48.43,True
RET-001408,ORD-025692,2024-08-07,Item Defective,40.01,49.09,True
RET-001409,ORD-025697,2024-09-01,Item Defective,163.3,51.07,True
RET-001410,ORD-025704,2024-07-08,Wrong Size / Fit,136.6,35.84,True
RET-001411,ORD-025710,2024-09-22,Wrong Size / Fit,855.56,41.26,False
RET-001412,ORD-025732,2024-06-09,Wrong Size / Fit,260.06,44.45,True
RET-001413,ORD-025762,2024-06-04,Wrong Size / Fit,220.19,47.07,True
RET-001414,ORD-025789,2024-08-22,Wrong Size / Fit,109.69,49.5,True
RET-001415,ORD-025819,2024-05-05,Buyer Remorse,664.3,49.75,True
RET-001416,ORD-025829,2024-04-24,Item Defective,464.7,41.62,False
RET-001417,ORD-025891,2024-05-20,Late Delivery,183.27,36.05,True
RET-001418,ORD-025913,2024-07-25,Wrong Size / Fit,59.22,37.81,True
RET-001419,ORD-025939,2024-07-31,Wrong Size / Fit,55.07,46.02,True
RET-001420,ORD-025955,2024-08-24,Late Delivery,350.74,38.43,True
RET-001421,ORD-025969,2024-07-21,Late Delivery,14.81,41.2,True
RET-001422,ORD-026040,2024-05-03,Item Defective,944.73,40.64,True
RET-001423,ORD-026054,2024-09-13,Late Delivery,75.44,47.74,True
RET-001424,ORD-026131,2024-08-06,Wrong Size / Fit,202.8,49.15,True
RET-001425,ORD-026166,2024-09-13,Wrong Size / Fit,1175.93,49.82,True
RET-001426,ORD-026200,2024-07-16,Item Defective,91.24,45.01,True
RET-001427,ORD-026213,2024-06-21,Wrong Size / Fit,267.1,43.59,True
RET-001428,ORD-026243,2024-06-28,Wrong Size / Fit,83.98,35.26,True
RET-001429,ORD-026256,2024-09-24,Wrong Size / Fit,372.47,44.47,True
RET-001430,ORD-026262,2024-08-01,Wrong Size / Fit,502.36,43.33,True
RET-001431,ORD-026322,2024-07-17,Late Delivery,67.87,43.88,True
RET-001432,ORD-026331,2024-08-18,Wrong Size / Fit,549.99,42.31,True
RET-001433,ORD-026332,2024-06-15,Item Defective,74.21,44.21,True
RET-001434,ORD-026339,2024-05-15,Item Defective,57.0,49.46,True
RET-001435,ORD-026422,2024-04-27,Wrong Size / Fit,73.2,51.48,True
RET-001436,ORD-026439,2024-10-08,Wrong Size / Fit,27.82,47.42,True
RET-001437,ORD-026543,2024-06-08,Wrong Size / Fit,469.26,48.48,True
RET-001438,ORD-026606,2024-08-02,Wrong Size / Fit,142.35,44.16,True
RET-001439,ORD-026615,2024-05-02,Item Defective,63.19,38.16,False
RET-001440,ORD-026639,2024-09-15,Wrong Size / Fit,26.63,51.72,True
RET-001441,ORD-026675,2024-05-14,Late Delivery,105.23,41.81,True
RET-001442,ORD-026693,2024-07-08,Item Defective,270.91,47.34,True
RET-001443,ORD-026736,2024-04-23,Buyer Remorse,19.19,35.84,False
RET-001444,ORD-026743,2024-06-04,Wrong Size / Fit,161.1,43.77,True
RET-001445,ORD-026744,2024-04-27,Late Delivery,31.07,42.22,True
RET-001446,ORD-026759,2024-09-21,Wrong Size / Fit,874.45,47.93,True
RET-001447,ORD-026763,2024-07-26,Wrong Size / Fit,311.05,48.27,False
RET-001448,ORD-026789,2024-04-30,Item Defective,135.13,48.3,True
RET-001449,ORD-026865,2024-07-04,Wrong Size / Fit,125.84,36.33,True
RET-001450,ORD-026875,2024-05-15,Wrong Size / Fit,565.8,40.6,True
RET-001451,ORD-026884,2024-06-25,Wrong Size / Fit,37.18,36.13,False
RET-001452,ORD-026908,2024-07-24,Wrong Size / Fit,61.78,39.69,True
RET-001453,ORD-026928,2024-07-10,Wrong Size / Fit,173.51,37.29,True
RET-001454,ORD-026955,2024-05-15,Item Defective,156.73,37.33,False
RET-001455,ORD-026961,2024-09-12,Late Delivery,15.29,40.48,False
RET-001456,ORD-026971,2024-04-28,Wrong Size / Fit,185.18,36.21,True
RET-001457,ORD-026980,2024-04-20,Wrong Size / Fit,137.42,36.22,True
RET-001458,ORD-026981,2024-08-01,Item Defective,1188.66,44.68,True
RET-001459,ORD-027007,2024-05-19,Wrong Size / Fit,166.14,50.61,True
RET-001460,ORD-027014,2024-04-13,Item Defective,93.82,38.01,True
RET-001461,ORD-027017,2024-08-16,Item Defective,35.73,45.6,True
RET-001462,ORD-027037,2024-06-17,Buyer Remorse,211.74,38.84,False
RET-001463,ORD-027059,2024-08-08,Wrong Size / Fit,178.53,45.45,True
RET-001464,ORD-027075,2024-09-10,Item Defective,79.28,51.53,False
RET-001465,ORD-027111,2024-07-04,Item Defective,125.13,46.7,True
RET-001466,ORD-027130,2024-04-20,Item Defective,167.15,40.08,True
RET-001467,ORD-027145,2024-07-05,Wrong Size / Fit,86.91,40.05,True
RET-001468,ORD-027149,2024-05-03,Item Defective,88.57,35.19,True
RET-001469,ORD-027210,2024-04-20,Item Defective,334.28,36.74,True
RET-001470,ORD-027259,2024-06-08,Buyer Remorse,581.04,40.91,True
RET-001471,ORD-027279,2024-09-16,Wrong Size / Fit,116.15,41.31,True
RET-001472,ORD-027301,2024-08-10,Late Delivery,277.16,48.8,True
RET-001473,ORD-027334,2024-07-27,Wrong Size / Fit,61.93,49.28,True
RET-001474,ORD-027345,2024-06-12,Wrong Size / Fit,305.24,37.23,True
RET-001475,ORD-027389,2024-07-24,Late Delivery,72.7,38.48,False
RET-001476,ORD-027391,2024-07-29,Wrong Size / Fit,30.04,37.89,True
RET-001477,ORD-027392,2024-04-30,Wrong Size / Fit,198.52,36.77,False
RET-001478,ORD-027426,2024-06-23,Wrong Size / Fit,94.02,38.2,True
RET-001479,ORD-027437,2024-09-22,Wrong Size / Fit,39.93,51.58,False
RET-001480,ORD-027440,2024-07-12,Late Delivery,637.16,48.2,True
RET-001481,ORD-027455,2024-08-23,Item Defective,231.52,45.01,True
RET-001482,ORD-027470,2024-06-14,Late Delivery,129.37,44.08,True
RET-001483,ORD-027493,2024-07-20,Item Defective,55.04,41.05,False
RET-001484,ORD-027521,2024-06-02,Wrong Size / Fit,561.41,37.88,True
RET-001485,ORD-027527,2024-05-04,Item Defective,431.85,41.31,True
RET-001486,ORD-027545,2024-04-15,Buyer Remorse,271.39,40.55,True
RET-001487,ORD-027567,2024-08-31,Item Defective,39.75,49.16,True
RET-001488,ORD-027599,2024-09-30,Wrong Size / Fit,88.58,50.03,True
RET-001489,ORD-027606,2024-05-24,Wrong Size / Fit,500.74,37.0,True
RET-001490,ORD-027620,2024-06-21,Buyer Remorse,690.5,40.74,True
RET-001491,ORD-027627,2024-09-18,Item Defective,115.78,49.64,True
RET-001492,ORD-027636,2024-06-18,Wrong Size / Fit,358.5,45.8,True
RET-001493,ORD-027671,2024-05-26,Item Defective,321.36,37.24,True
RET-001494,ORD-027683,2024-08-22,Wrong Size / Fit,128.66,51.33,False
RET-001495,ORD-027735,2024-07-28,Item Defective,25.96,40.17,True
RET-001496,ORD-027761,2024-07-13,Item Defective,35.44,49.54,True
RET-001497,ORD-027781,2024-08-21,Wrong Size / Fit,38.88,47.77,True
RET-001498,ORD-027794,2024-08-22,Wrong Size / Fit,30.67,41.02,False
RET-001499,ORD-027809,2024-06-11,Wrong Size / Fit,166.22,47.96,True
RET-001500,ORD-027814,2024-07-31,Wrong Size / Fit,59.02,51.28,True
RET-001501,ORD-027837,2024-08-18,Item Defective,15.1,42.64,True
RET-001502,ORD-027848,2024-05-22,Buyer Remorse,81.57,51.39,True
RET-001503,ORD-027854,2024-08-19,Wrong Size / Fit,86.27,45.71,True
RET-001504,ORD-027901,2024-10-05,Item Defective,79.15,49.99,True
RET-001505,ORD-027916,2024-06-13,Wrong Size / Fit,509.2,50.4,True
RET-001506,ORD-027930,2024-06-29,Wrong Size / Fit,296.23,35.42,True
RET-001507,ORD-027931,2024-09-08,Late Delivery,160.49,36.2,True
RET-001508,ORD-027958,2024-09-17,Wrong Size / Fit,77.53,49.37,True
RET-001509,ORD-027963,2024-04-26,Late Delivery,1134.63,48.2,True
RET-001510,ORD-028013,2024-06-26,Wrong Size / Fit,206.81,35.13,True
RET-001511,ORD-028024,2024-09-15,Item Defective,206.77,49.32,True
RET-001512,ORD-028028,2024-05-03,Wrong Size / Fit,405.85,39.63,True
RET-001513,ORD-028029,2024-04-09,Item Defective,391.98,35.98,False
RET-001514,ORD-028043,2024-09-07,Wrong Size / Fit,76.81,48.57,True
RET-001515,ORD-028105,2024-04-13,Late Delivery,276.49,38.68,True
RET-001516,ORD-028117,2024-05-29,Buyer Remorse,96.04,46.46,True
RET-001517,ORD-028129,2024-06-27,Wrong Size / Fit,558.41,45.0,True
RET-001518,ORD-028135,2024-08-03,Wrong Size / Fit,60.35,35.51,True
RET-001519,ORD-028149,2024-07-22,Buyer Remorse,180.55,38.94,True
RET-001520,ORD-028155,2024-04-12,Wrong Size / Fit,153.04,49.22,True
RET-001521,ORD-028187,2024-07-03,Item Defective,15.77,48.08,True
RET-001522,ORD-028214,2024-05-16,Buyer Remorse,143.23,48.35,True
RET-001523,ORD-028220,2024-04-15,Wrong Size / Fit,258.76,36.74,True
RET-001524,ORD-028222,2024-06-12,Wrong Size / Fit,156.33,44.78,True
RET-001525,ORD-028252,2024-08-31,Wrong Size / Fit,26.78,50.0,True
RET-001526,ORD-028345,2024-05-18,Wrong Size / Fit,270.05,36.84,True
RET-001527,ORD-028366,2024-05-22,Buyer Remorse,40.79,51.68,True
RET-001528,ORD-028377,2024-07-08,Wrong Size / Fit,366.94,45.29,True
RET-001529,ORD-028386,2024-08-05,Late Delivery,180.9,42.89,True
RET-001530,ORD-028426,2024-06-23,Item Defective,141.92,38.92,True
RET-001531,ORD-028482,2024-08-28,Wrong Size / Fit,60.09,49.5,True
RET-001532,ORD-028486,2024-07-27,Late Delivery,26.76,48.47,True
RET-001533,ORD-028495,2024-08-26,Buyer Remorse,498.04,40.5,True
RET-001534,ORD-028554,2024-06-08,Item Defective,286.91,46.11,True
RET-001535,ORD-028562,2024-05-13,Wrong Size / Fit,59.58,51.29,True
RET-001536,ORD-028583,2024-08-29,Wrong Size / Fit,59.17,40.3,True
RET-001537,ORD-028585,2024-05-21,Wrong Size / Fit,37.43,42.34,False
RET-001538,ORD-028604,2024-06-03,Item Defective,191.57,40.9,False
RET-001539,ORD-028663,2024-07-21,Wrong Size / Fit,203.78,39.54,True
RET-001540,ORD-028668,2024-05-07,Late Delivery,100.92,45.37,True
RET-001541,ORD-028744,2024-04-16,Late Delivery,124.87,51.86,True
RET-001542,ORD-028757,2024-10-02,Item Defective,169.75,38.3,False
RET-001543,ORD-028763,2024-09-21,Item Defective,90.94,37.46,True
RET-001544,ORD-028775,2024-07-25,Buyer Remorse,168.11,49.26,True
RET-001545,ORD-028785,2024-09-15,Item Defective,157.67,35.16,True
RET-001546,ORD-028792,2024-07-13,Wrong Size / Fit,594.67,44.69,True
RET-001547,ORD-028812,2024-07-18,Wrong Size / Fit,116.63,39.12,True
RET-001548,ORD-028824,2024-06-01,Item Defective,186.71,50.7,True
RET-001549,ORD-028849,2024-09-25,Item Defective,356.44,46.68,True
RET-001550,ORD-028871,2024-06-17,Item Defective,152.64,44.05,True
RET-001551,ORD-028902,2024-09-05,Late Delivery,360.03,51.75,True
RET-001552,ORD-028917,2024-05-24,Wrong Size / Fit,56.82,51.89,False
RET-001553,ORD-028919,2024-07-17,Wrong Size / Fit,606.66,47.46,True
RET-001554,ORD-028920,2024-05-11,Item Defective,243.67,48.44,True
RET-001555,ORD-028952,2024-05-18,Item Defective,27.55,38.33,True
RET-001556,ORD-028953,2024-06-20,Late Delivery,92.77,47.79,False
RET-001557,ORD-028975,2024-07-15,Late Delivery,520.71,37.53,False
RET-001558,ORD-029028,2024-05-06,Item Defective,271.57,43.52,True
RET-001559,ORD-029031,2024-06-25,Item Defective,552.08,48.27,True
RET-001560,ORD-029033,2024-09-21,Late Delivery,200.08,50.1,True
RET-001561,ORD-029129,2024-06-26,Wrong Size / Fit,482.79,46.58,True
RET-001562,ORD-029146,2024-08-26,Wrong Size / Fit,70.55,44.69,True
RET-001563,ORD-029175,2024-06-30,Wrong Size / Fit,339.17,49.29,True
RET-001564,ORD-029226,2024-09-01,Item Defective,36.39,44.86,True
RET-001565,ORD-029235,2024-08-16,Late Delivery,128.49,37.13,True
RET-001566,ORD-029238,2024-10-01,Wrong Size / Fit,597.46,35.57,True
RET-001567,ORD-029243,2024-06-08,Late Delivery,988.34,47.15,True
RET-001568,ORD-029267,2024-04-29,Late Delivery,697.14,37.24,True
RET-001569,ORD-029302,2024-04-22,Wrong Size / Fit,187.79,44.05,True
RET-001570,ORD-029345,2024-06-02,Late Delivery,15.74,38.71,True
RET-001571,ORD-029368,2024-06-21,Late Delivery,382.22,50.07,False
RET-001572,ORD-029388,2024-04-08,Late Delivery,282.82,35.69,False
RET-001573,ORD-029398,2024-05-20,Wrong Size / Fit,186.93,44.36,True
RET-001574,ORD-029404,2024-04-18,Item Defective,442.01,46.36,True
RET-001575,ORD-029467,2024-05-15,Wrong Size / Fit,469.87,48.05,True
RET-001576,ORD-029516,2024-06-15,Wrong Size / Fit,124.4,39.64,True
RET-001577,ORD-029522,2024-04-28,Wrong Size / Fit,243.79,48.28,False
RET-001578,ORD-029552,2024-07-18,Late Delivery,18.01,39.27,False
RET-001579,ORD-029631,2024-08-11,Wrong Size / Fit,14.64,36.69,True
RET-001580,ORD-029634,2024-05-21,Late Delivery,170.22,51.0,False
RET-001581,ORD-029666,2024-08-18,Item Defective,15.02,37.86,True
RET-001582,ORD-029681,2024-09-06,Wrong Size / Fit,139.6,39.83,True
RET-001583,ORD-029682,2024-08-11,Buyer Remorse,561.47,39.16,True
RET-001584,ORD-029688,2024-07-06,Item Defective,242.93,43.39,True
RET-001585,ORD-029732,2024-07-30,Buyer Remorse,138.44,40.6,True
RET-001586,ORD-029770,2024-07-31,Item Defective,90.62,36.61,True
RET-001587,ORD-029780,2024-09-23,Wrong Size / Fit,76.85,39.14,True
RET-001588,ORD-029795,2024-09-19,Item Defective,181.35,37.39,True
RET-001589,ORD-029828,2024-05-07,Late Delivery,437.16,41.9,True
RET-001590,ORD-029905,2024-06-24,Item Defective,86.62,36.92,True
RET-001591,ORD-029910,2024-04-19,Item Defective,75.82,44.37,True
RET-001592,ORD-029971,2024-09-17,Late Delivery,91.74,39.29,True
RET-001593,ORD-029981,2024-07-14,Buyer Remorse,54.23,50.23,True
RET-001594,ORD-029984,2024-09-17,Wrong Size / Fit,855.93,42.53,True
RET-001595,ORD-030019,2024-08-08,Buyer Remorse,161.14,39.13,True
RET-001596,ORD-030022,2024-10-05,Wrong Size / Fit,176.2,39.78,True
RET-001597,ORD-030032,2024-07-12,Item Defective,88.52,47.06,True
RET-001598,ORD-030048,2024-05-19,Wrong Size / Fit,77.74,46.8,True
RET-001599,ORD-030100,2024-04-11,Wrong Size / Fit,418.67,48.63,True
RET-001600,ORD-030103,2024-09-04,Late Delivery,139.48,38.06,True
RET-001601,ORD-030126,2024-05-05,Item Defective,202.92,41.25,False
RET-001602,ORD-030165,2024-05-03,Item Defective,44.18,48.63,True
RET-001603,ORD-030177,2024-05-01,Wrong Size / Fit,557.09,41.14,True
RET-001604,ORD-030193,2024-04-15,Item Defective,276.61,37.52,True
RET-001605,ORD-030194,2024-08-28,Item Defective,364.19,50.83,True
RET-001606,ORD-030205,2024-04-16,Wrong Size / Fit,517.19,37.0,True
RET-001607,ORD-030211,2024-04-11,Buyer Remorse,72.7,38.09,True
RET-001608,ORD-030239,2024-06-09,Late Delivery,418.9,37.59,True
RET-001609,ORD-030250,2024-05-09,Wrong Size / Fit,156.05,37.23,True
RET-001610,ORD-030293,2024-06-07,Item Defective,31.23,43.5,True
RET-001611,ORD-030313,2024-06-20,Late Delivery,314.46,45.49,True
RET-001612,ORD-030341,2024-07-21,Late Delivery,77.82,50.74,True
RET-001613,ORD-030343,2024-07-12,Wrong Size / Fit,30.55,51.06,True
RET-001614,ORD-030349,2024-08-26,Item Defective,171.73,48.42,True
RET-001615,ORD-030353,2024-08-18,Wrong Size / Fit,15.2,48.79,True
RET-001616,ORD-030386,2024-07-24,Buyer Remorse,1026.39,37.86,True
RET-001617,ORD-030397,2024-08-18,Late Delivery,39.99,48.7,True
RET-001618,ORD-030410,2024-07-24,Late Delivery,853.2,37.32,True
RET-001619,ORD-030433,2024-07-17,Item Defective,128.48,44.84,True
RET-001620,ORD-030437,2024-05-12,Wrong Size / Fit,165.31,50.67,True
RET-001621,ORD-030444,2024-08-02,Late Delivery,133.88,47.68,True
RET-001622,ORD-030478,2024-04-10,Wrong Size / Fit,594.83,43.4,False
RET-001623,ORD-030497,2024-09-03,Late Delivery,95.36,45.35,True
RET-001624,ORD-030502,2024-06-08,Buyer Remorse,127.49,40.85,True
RET-001625,ORD-030555,2024-06-16,Wrong Size / Fit,271.35,51.51,True
RET-001626,ORD-030652,2024-07-09,Wrong Size / Fit,53.48,36.8,False
RET-001627,ORD-030703,2024-09-02,Item Defective,54.64,42.54,True
RET-001628,ORD-030767,2024-06-24,Wrong Size / Fit,187.1,51.45,True
RET-001629,ORD-030793,2024-04-30,Wrong Size / Fit,83.86,50.6,True
RET-001630,ORD-030852,2024-09-20,Buyer Remorse,115.58,36.39,True
RET-001631,ORD-030881,2024-04-12,Wrong Size / Fit,401.53,40.71,True
RET-001632,ORD-030906,2024-04-29,Item Defective,601.22,51.18,True
RET-001633,ORD-030908,2024-08-10,Late Delivery,83.86,46.66,True
RET-001634,ORD-030910,2024-07-10,Late Delivery,57.48,42.54,False
RET-001635,ORD-030914,2024-06-15,Item Defective,1039.72,37.93,True
RET-001636,ORD-030979,2024-07-23,Wrong Size / Fit,185.46,35.29,True
RET-001637,ORD-030994,2024-10-04,Buyer Remorse,149.16,46.07,True
RET-001638,ORD-031006,2024-04-06,Wrong Size / Fit,180.78,38.55,True
RET-001639,ORD-031010,2024-09-19,Late Delivery,46.88,35.35,False
RET-001640,ORD-031018,2024-08-15,Late Delivery,30.59,48.87,True
RET-001641,ORD-031026,2024-06-30,Wrong Size / Fit,179.95,44.67,True
RET-001642,ORD-031074,2024-08-23,Buyer Remorse,142.31,35.36,True
RET-001643,ORD-031076,2024-09-18,Late Delivery,77.1,37.96,True
RET-001644,ORD-031095,2024-04-08,Item Defective,473.39,35.26,False
RET-001645,ORD-031157,2024-04-22,Late Delivery,61.82,44.93,True
RET-001646,ORD-031170,2024-05-24,Wrong Size / Fit,73.68,38.14,True
RET-001647,ORD-031192,2024-09-19,Item Defective,46.01,44.96,True
RET-001648,ORD-031195,2024-08-08,Late Delivery,56.72,50.88,True
RET-001649,ORD-031204,2024-04-27,Buyer Remorse,257.95,46.85,True
RET-001650,ORD-031207,2024-07-11,Item Defective,27.13,39.33,True
RET-001651,ORD-031214,2024-05-16,Late Delivery,253.88,51.77,True
RET-001652,ORD-031233,2024-08-06,Item Defective,396.46,40.96,True
RET-001653,ORD-031235,2024-07-27,Wrong Size / Fit,30.48,49.46,False
RET-001654,ORD-031299,2024-07-31,Wrong Size / Fit,84.06,35.7,True
RET-001655,ORD-031333,2024-07-19,Item Defective,264.26,46.03,False
RET-001656,ORD-031407,2024-07-12,Item Defective,52.94,35.98,True
RET-001657,ORD-031412,2024-07-03,Item Defective,979.71,51.31,True
RET-001658,ORD-031440,2024-09-05,Item Defective,365.79,48.14,True
RET-001659,ORD-031470,2024-04-15,Wrong Size / Fit,167.96,46.96,True
RET-001660,ORD-031476,2024-09-11,Late Delivery,496.24,47.8,True
RET-001661,ORD-031489,2024-04-09,Late Delivery,120.12,38.46,False
RET-001662,ORD-031504,2024-06-06,Buyer Remorse,76.96,42.54,False
RET-001663,ORD-031507,2024-09-09,Wrong Size / Fit,266.6,36.86,True
RET-001664,ORD-031582,2024-09-06,Late Delivery,366.92,44.2,False
RET-001665,ORD-031627,2024-07-14,Wrong Size / Fit,866.23,44.38,True
RET-001666,ORD-031630,2024-04-21,Wrong Size / Fit,86.81,35.27,True
RET-001667,ORD-031647,2024-05-06,Item Defective,120.63,42.84,True
RET-001668,ORD-031656,2024-06-18,Wrong Size / Fit,64.15,49.28,True
RET-001669,ORD-031671,2024-06-28,Late Delivery,30.75,39.64,True
RET-001670,ORD-031679,2024-08-28,Wrong Size / Fit,36.26,43.46,True
RET-001671,ORD-031714,2024-07-27,Late Delivery,17.93,49.15,True
RET-001672,ORD-031718,2024-07-18,Wrong Size / Fit,56.52,42.78,True
RET-001673,ORD-031725,2024-06-08,Item Defective,273.13,39.51,False
RET-001674,ORD-031726,2024-07-11,Late Delivery,295.64,51.79,True
RET-001675,ORD-031732,2024-04-07,Late Delivery,1134.66,41.7,True
RET-001676,ORD-031734,2024-08-24,Item Defective,135.29,44.91,True
RET-001677,ORD-031740,2024-08-19,Late Delivery,53.11,46.14,True
RET-001678,ORD-031745,2024-08-17,Wrong Size / Fit,14.63,46.05,True
RET-001679,ORD-031750,2024-04-14,Item Defective,135.78,45.2,True
RET-001680,ORD-031767,2024-05-05,Late Delivery,93.84,35.69,True
RET-001681,ORD-031768,2024-05-01,Wrong Size / Fit,120.93,46.45,True
RET-001682,ORD-031772,2024-05-03,Item Defective,47.33,44.35,True
RET-001683,ORD-031774,2024-05-29,Wrong Size / Fit,475.9,47.03,True
RET-001684,ORD-031828,2024-08-03,Wrong Size / Fit,15.31,51.76,True
RET-001685,ORD-031833,2024-07-12,Late Delivery,77.45,49.94,True
RET-001686,ORD-031850,2024-06-12,Wrong Size / Fit,427.43,40.28,True
RET-001687,ORD-031860,2024-08-16,Late Delivery,158.49,51.97,False
RET-001688,ORD-031861,2024-05-04,Late Delivery,201.15,40.22,True
RET-001689,ORD-031869,2024-05-19,Item Defective,385.39,37.37,False
RET-001690,ORD-031895,2024-06-14,Buyer Remorse,60.28,42.67,True
RET-001691,ORD-031900,2024-08-06,Wrong Size / Fit,1144.95,51.2,True
RET-001692,ORD-031910,2024-06-16,Buyer Remorse,391.17,51.97,True
RET-001693,ORD-031925,2024-05-06,Late Delivery,113.96,35.59,True
RET-001694,ORD-031957,2024-06-24,Item Defective,136.9,44.94,True
RET-001695,ORD-031984,2024-10-05,Late Delivery,173.01,37.07,True
RET-001696,ORD-032000,2024-05-29,Late Delivery,117.57,38.0,True
RET-001697,ORD-032003,2024-04-18,Late Delivery,734.41,48.92,True
RET-001698,ORD-032043,2024-09-08,Item Defective,129.18,37.52,True
RET-001699,ORD-032044,2024-09-25,Item Defective,241.55,39.67,True
RET-001700,ORD-032050,2024-05-03,Wrong Size / Fit,31.6,44.19,True
RET-001701,ORD-032056,2024-08-16,Wrong Size / Fit,238.59,44.68,True
RET-001702,ORD-032079,2024-05-17,Wrong Size / Fit,205.74,51.38,True
RET-001703,ORD-032117,2024-08-27,Wrong Size / Fit,90.12,47.73,True
RET-001704,ORD-032132,2024-05-15,Late Delivery,279.83,35.83,True
RET-001705,ORD-032179,2024-09-20,Item Defective,57.6,50.84,True
RET-001706,ORD-032180,2024-07-18,Item Defective,44.92,47.84,True
RET-001707,ORD-032197,2024-08-08,Wrong Size / Fit,186.03,39.12,True
RET-001708,ORD-032200,2024-09-07,Late Delivery,88.41,35.68,True
RET-001709,ORD-032213,2024-07-22,Wrong Size / Fit,58.9,37.44,True
RET-001710,ORD-032247,2024-09-05,Wrong Size / Fit,315.09,39.99,True
RET-001711,ORD-032270,2024-07-02,Buyer Remorse,30.97,44.47,True
RET-001712,ORD-032271,2024-07-10,Late Delivery,157.03,42.13,False
RET-001713,ORD-032312,2024-08-30,Item Defective,97.66,46.92,True
RET-001714,ORD-032370,2024-07-09,Item Defective,69.42,44.29,True
RET-001715,ORD-032382,2024-06-21,Wrong Size / Fit,47.8,36.15,True
RET-001716,ORD-032409,2024-10-07,Wrong Size / Fit,55.02,41.85,True
RET-001717,ORD-032468,2024-09-23,Item Defective,77.02,42.02,True
RET-001718,ORD-032507,2024-09-29,Wrong Size / Fit,120.46,35.51,True
RET-001719,ORD-032511,2024-07-21,Wrong Size / Fit,176.49,51.06,True
RET-001720,ORD-032533,2024-05-09,Late Delivery,273.73,48.11,True
RET-001721,ORD-032571,2024-09-04,Item Defective,84.01,49.22,True
RET-001722,ORD-032584,2024-09-26,Wrong Size / Fit,179.64,38.72,False
RET-001723,ORD-032614,2024-05-08,Item Defective,121.64,46.24,False
RET-001724,ORD-032628,2024-05-19,Late Delivery,167.71,43.77,True
RET-001725,ORD-032639,2024-09-30,Item Defective,39.59,49.04,True
RET-001726,ORD-032642,2024-06-07,Item Defective,84.13,42.85,False
RET-001727,ORD-032665,2024-04-25,Item Defective,665.97,35.05,True
RET-001728,ORD-032674,2024-08-25,Buyer Remorse,174.37,37.04,False
RET-001729,ORD-032699,2024-08-20,Item Defective,123.12,49.84,True
RET-001730,ORD-032707,2024-09-28,Wrong Size / Fit,144.52,50.81,True
RET-001731,ORD-032711,2024-08-24,Late Delivery,18.31,49.64,False
RET-001732,ORD-032722,2024-10-06,Wrong Size / Fit,266.04,35.71,True
RET-001733,ORD-032751,2024-04-24,Item Defective,86.81,51.9,True
RET-001734,ORD-032754,2024-05-26,Wrong Size / Fit,56.21,39.21,True
RET-001735,ORD-032781,2024-07-20,Wrong Size / Fit,60.56,44.07,True
RET-001736,ORD-032795,2024-08-27,Item Defective,509.13,50.93,True
RET-001737,ORD-032796,2024-08-02,Wrong Size / Fit,130.64,41.86,True
RET-001738,ORD-032818,2024-06-08,Late Delivery,27.29,42.99,True
RET-001739,ORD-032829,2024-08-08,Item Defective,79.67,35.9,True
RET-001740,ORD-032852,2024-06-16,Item Defective,104.76,41.28,True
RET-001741,ORD-032858,2024-09-26,Wrong Size / Fit,140.54,51.26,True
RET-001742,ORD-032879,2024-05-10,Wrong Size / Fit,254.61,42.79,True
RET-001743,ORD-032912,2024-04-08,Item Defective,210.7,48.4,True
RET-001744,ORD-032924,2024-09-02,Wrong Size / Fit,195.35,41.0,True
RET-001745,ORD-032968,2024-08-10,Wrong Size / Fit,54.08,41.36,True
RET-001746,ORD-033035,2024-09-01,Item Defective,164.73,51.56,True
RET-001747,ORD-033049,2024-09-08,Wrong Size / Fit,14.6,46.81,False
RET-001748,ORD-033100,2024-07-11,Wrong Size / Fit,77.74,35.25,True
RET-001749,ORD-033104,2024-09-10,Item Defective,450.27,51.23,False
RET-001750,ORD-033113,2024-04-28,Late Delivery,53.82,39.4,True
RET-001751,ORD-033143,2024-07-21,Wrong Size / Fit,267.14,48.01,True
RET-001752,ORD-033171,2024-09-07,Late Delivery,137.43,47.3,True
RET-001753,ORD-033191,2024-05-06,Late Delivery,249.65,42.77,True
RET-001754,ORD-033216,2024-06-17,Wrong Size / Fit,113.68,51.62,True
RET-001755,ORD-033286,2024-07-14,Late Delivery,161.2,43.77,True
RET-001756,ORD-033295,2024-07-23,Item Defective,200.3,37.87,True
RET-001757,ORD-033307,2024-05-14,Wrong Size / Fit,163.06,38.41,True
RET-001758,ORD-033310,2024-09-08,Item Defective,843.75,37.52,True
RET-001759,ORD-033312,2024-06-03,Wrong Size / Fit,248.68,45.78,False
RET-001760,ORD-033354,2024-08-06,Wrong Size / Fit,171.68,42.96,True
RET-001761,ORD-033356,2024-09-29,Item Defective,415.64,35.94,True
RET-001762,ORD-033373,2024-07-29,Wrong Size / Fit,90.5,42.42,True
RET-001763,ORD-033381,2024-08-15,Wrong Size / Fit,51.17,39.74,True
RET-001764,ORD-033398,2024-04-24,Item Defective,469.2,39.82,True
RET-001765,ORD-033401,2024-06-25,Wrong Size / Fit,36.49,40.6,True
RET-001766,ORD-033442,2024-08-08,Item Defective,209.22,44.49,False
RET-001767,ORD-033447,2024-06-29,Buyer Remorse,243.51,45.51,True
RET-001768,ORD-033474,2024-06-27,Item Defective,18.73,36.78,True
RET-001769,ORD-033484,2024-05-17,Item Defective,107.83,35.8,True
RET-001770,ORD-033486,2024-06-23,Item Defective,340.22,45.3,True
RET-001771,ORD-033508,2024-05-11,Wrong Size / Fit,83.58,37.25,True
RET-001772,ORD-033509,2024-07-22,Item Defective,30.07,35.69,True
RET-001773,ORD-033549,2024-08-28,Wrong Size / Fit,114.76,36.67,True
RET-001774,ORD-033558,2024-05-15,Item Defective,264.98,39.0,True
RET-001775,ORD-033599,2024-06-09,Late Delivery,765.37,43.88,True
RET-001776,ORD-033604,2024-09-13,Wrong Size / Fit,571.72,38.95,True
RET-001777,ORD-033613,2024-04-22,Wrong Size / Fit,37.04,35.89,True
RET-001778,ORD-033639,2024-07-29,Wrong Size / Fit,45.96,44.75,True
RET-001779,ORD-033650,2024-09-04,Wrong Size / Fit,311.85,48.98,True
RET-001780,ORD-033677,2024-09-28,Wrong Size / Fit,68.47,51.79,True
RET-001781,ORD-033678,2024-07-14,Late Delivery,14.88,38.45,True
RET-001782,ORD-033681,2024-08-31,Late Delivery,188.6,50.83,True
RET-001783,ORD-033684,2024-06-29,Late Delivery,15.82,43.22,True
RET-001784,ORD-033708,2024-08-08,Item Defective,109.36,51.93,True
RET-001785,ORD-033728,2024-09-12,Item Defective,136.41,41.06,True
RET-001786,ORD-033729,2024-04-08,Wrong Size / Fit,61.53,51.87,True
RET-001787,ORD-033735,2024-05-08,Late Delivery,94.95,43.42,True
RET-001788,ORD-033755,2024-06-15,Item Defective,958.85,41.17,False
RET-001789,ORD-033787,2024-09-26,Item Defective,35.13,49.63,True
RET-001790,ORD-033805,2024-05-22,Wrong Size / Fit,257.61,41.5,True
RET-001791,ORD-033824,2024-07-06,Late Delivery,185.9,44.37,True
RET-001792,ORD-033833,2024-09-05,Late Delivery,1029.2,50.76,True
RET-001793,ORD-033839,2024-06-15,Late Delivery,1130.85,50.47,True
RET-001794,ORD-033873,2024-08-26,Item Defective,115.02,45.26,True
RET-001795,ORD-033892,2024-09-27,Wrong Size / Fit,179.09,43.43,True
RET-001796,ORD-033902,2024-06-29,Item Defective,652.1,39.02,False
RET-001797,ORD-033948,2024-06-03,Wrong Size / Fit,127.72,38.99,True
RET-001798,ORD-033950,2024-08-14,Wrong Size / Fit,434.81,42.14,True
RET-001799,ORD-033959,2024-08-11,Buyer Remorse,46.48,37.68,True
RET-001800,ORD-033963,2024-06-04,Wrong Size / Fit,154.51,50.89,True
RET-001801,ORD-033966,2024-06-17,Wrong Size / Fit,186.43,40.38,True
RET-001802,ORD-033983,2024-10-02,Item Defective,39.6,44.79,True
RET-001803,ORD-033992,2024-04-14,Item Defective,31.21,47.84,True
RET-001804,ORD-034003,2024-07-02,Wrong Size / Fit,115.87,43.43,True
RET-001805,ORD-034004,2024-08-12,Wrong Size / Fit,575.36,38.97,True
RET-001806,ORD-034026,2024-08-24,Wrong Size / Fit,179.52,38.79,True
RET-001807,ORD-034029,2024-06-08,Wrong Size / Fit,167.18,37.98,True
RET-001808,ORD-034043,2024-09-08,Late Delivery,205.74,37.38,True
RET-001809,ORD-034053,2024-08-18,Late Delivery,30.03,49.58,True
RET-001810,ORD-034073,2024-06-06,Item Defective,55.15,36.25,True
RET-001811,ORD-034085,2024-08-14,Wrong Size / Fit,168.71,44.12,True
RET-001812,ORD-034189,2024-04-15,Wrong Size / Fit,81.7,45.19,True
RET-001813,ORD-034198,2024-09-03,Item Defective,384.57,48.32,False
RET-001814,ORD-034203,2024-07-25,Item Defective,290.09,47.08,True
RET-001815,ORD-034216,2024-07-17,Buyer Remorse,366.66,46.8,True
RET-001816,ORD-034220,2024-06-25,Wrong Size / Fit,47.4,43.2,True
RET-001817,ORD-034232,2024-04-09,Wrong Size / Fit,369.5,48.75,True
RET-001818,ORD-034247,2024-10-01,Item Defective,57.38,40.24,True
RET-001819,ORD-034267,2024-05-02,Buyer Remorse,62.86,39.37,True
RET-001820,ORD-034270,2024-09-07,Wrong Size / Fit,59.44,45.88,True
RET-001821,ORD-034280,2024-08-16,Wrong Size / Fit,78.72,50.96,True
RET-001822,ORD-034293,2024-07-02,Late Delivery,869.88,47.23,True
RET-001823,ORD-034317,2024-06-17,Wrong Size / Fit,187.39,43.93,True
RET-001824,ORD-034327,2024-08-10,Item Defective,40.45,50.23,False
RET-001825,ORD-034334,2024-06-06,Late Delivery,184.96,47.12,True
RET-001826,ORD-034336,2024-06-14,Buyer Remorse,38.42,40.86,True
RET-001827,ORD-034360,2024-07-26,Wrong Size / Fit,56.69,51.15,True
RET-001828,ORD-034362,2024-09-22,Item Defective,198.74,40.8,True
RET-001829,ORD-034365,2024-04-24,Wrong Size / Fit,257.51,47.06,False
RET-001830,ORD-034421,2024-09-08,Buyer Remorse,1000.5,50.81,True
RET-001831,ORD-034459,2024-10-01,Item Defective,553.85,40.73,True
RET-001832,ORD-034469,2024-09-10,Wrong Size / Fit,111.92,37.41,True
RET-001833,ORD-034474,2024-06-09,Late Delivery,477.44,37.48,True
RET-001834,ORD-034478,2024-09-12,Item Defective,128.24,51.24,True
RET-001835,ORD-034498,2024-04-27,Item Defective,177.74,40.34,True
RET-001836,ORD-034503,2024-09-22,Wrong Size / Fit,361.09,39.56,False
RET-001837,ORD-034513,2024-04-26,Buyer Remorse,383.37,40.16,True
RET-001838,ORD-034560,2024-09-20,Buyer Remorse,436.19,44.91,True
RET-001839,ORD-034562,2024-07-23,Buyer Remorse,228.86,42.48,True
RET-001840,ORD-034578,2024-08-09,Wrong Size / Fit,645.63,44.01,True
RET-001841,ORD-034586,2024-09-15,Late Delivery,300.63,47.49,True
RET-001842,ORD-034596,2024-10-07,Item Defective,119.59,36.12,True
RET-001843,ORD-034625,2024-05-24,Item Defective,543.27,35.09,True
RET-001844,ORD-034663,2024-04-11,Wrong Size / Fit,361.31,44.13,True
RET-001845,ORD-034670,2024-05-02,Wrong Size / Fit,187.36,40.79,True
RET-001846,ORD-034703,2024-07-25,Wrong Size / Fit,184.54,47.59,True
RET-001847,ORD-034705,2024-09-11,Item Defective,133.98,48.86,True
RET-001848,ORD-034712,2024-05-05,Late Delivery,940.02,45.59,True
RET-001849,ORD-034767,2024-07-14,Wrong Size / Fit,275.98,42.99,True
RET-001850,ORD-034801,2024-08-22,Late Delivery,376.86,46.75,True
RET-001851,ORD-034809,2024-07-19,Buyer Remorse,462.33,48.96,True
RET-001852,ORD-034863,2024-04-27,Late Delivery,285.21,45.46,True
RET-001853,ORD-034866,2024-09-09,Wrong Size / Fit,91.07,36.35,False
RET-001854,ORD-034928,2024-06-15,Wrong Size / Fit,149.85,50.19,False
RET-001855,ORD-034939,2024-07-12,Wrong Size / Fit,357.81,43.67,True
RET-001856,ORD-034968,2024-08-19,Buyer Remorse,179.31,37.05,False
RET-001857,ORD-034974,2024-10-03,Buyer Remorse,39.95,43.53,True
RET-001858,ORD-034999,2024-05-08,Wrong Size / Fit,83.14,47.08,True
RET-001859,ORD-035085,2024-09-12,Buyer Remorse,175.9,44.43,True
RET-001860,ORD-035089,2024-10-02,Item Defective,26.25,36.68,True
RET-001861,ORD-035106,2024-05-11,Late Delivery,57.81,44.35,False
RET-001862,ORD-035117,2024-06-30,Item Defective,966.82,36.4,True
RET-001863,ORD-035139,2024-04-30,Wrong Size / Fit,139.17,38.97,True
RET-001864,ORD-035171,2024-04-29,Item Defective,61.82,49.87,True
RET-001865,ORD-035194,2024-09-26,Wrong Size / Fit,180.27,38.02,True
RET-001866,ORD-035238,2024-08-22,Item Defective,71.46,47.14,True
RET-001867,ORD-035246,2024-09-09,Wrong Size / Fit,172.43,39.31,True
RET-001868,ORD-035252,2024-08-17,Item Defective,81.9,41.52,True
RET-001869,ORD-035265,2024-05-20,Late Delivery,119.85,35.52,False
RET-001870,ORD-035274,2024-08-31,Late Delivery,133.83,40.99,False
RET-001871,ORD-035287,2024-07-06,Wrong Size / Fit,167.61,46.67,True
RET-001872,ORD-035327,2024-09-22,Late Delivery,117.08,39.13,True
RET-001873,ORD-035357,2024-08-12,Wrong Size / Fit,54.05,50.88,True
RET-001874,ORD-035408,2024-08-22,Late Delivery,78.37,41.56,True
RET-001875,ORD-035414,2024-04-18,Wrong Size / Fit,353.31,41.35,False
RET-001876,ORD-035422,2024-08-22,Buyer Remorse,123.79,35.44,True
RET-001877,ORD-035428,2024-05-23,Late Delivery,19.03,37.49,True
RET-001878,ORD-035431,2024-08-29,Buyer Remorse,234.19,42.97,True
RET-001879,ORD-035444,2024-07-26,Wrong Size / Fit,72.13,48.13,True
RET-001880,ORD-035476,2024-05-08,Wrong Size / Fit,615.07,45.37,True
RET-001881,ORD-035492,2024-08-03,Wrong Size / Fit,1256.2,43.08,True
RET-001882,ORD-035499,2024-09-20,Wrong Size / Fit,185.73,49.82,True
RET-001883,ORD-035509,2024-04-08,Item Defective,73.0,43.45,True
RET-001884,ORD-035554,2024-05-04,Item Defective,549.25,41.01,False
RET-001885,ORD-035581,2024-08-16,Wrong Size / Fit,383.07,42.28,True
RET-001886,ORD-035656,2024-09-18,Item Defective,180.39,39.04,True
RET-001887,ORD-035674,2024-05-09,Item Defective,1173.08,49.82,True
RET-001888,ORD-035675,2024-04-08,Wrong Size / Fit,377.73,40.5,True
RET-001889,ORD-035689,2024-08-25,Buyer Remorse,45.06,51.03,True
RET-001890,ORD-035728,2024-07-16,Wrong Size / Fit,85.67,50.38,True
RET-001891,ORD-035737,2024-06-18,Item Defective,188.71,45.08,True
RET-001892,ORD-035739,2024-07-10,Buyer Remorse,121.78,39.85,False
RET-001893,ORD-035781,2024-09-20,Wrong Size / Fit,289.8,35.27,True
RET-001894,ORD-035795,2024-05-12,Wrong Size / Fit,71.33,47.88,True
RET-001895,ORD-035833,2024-09-30,Wrong Size / Fit,167.92,51.12,True
RET-001896,ORD-035867,2024-04-10,Wrong Size / Fit,121.8,40.35,True
RET-001897,ORD-035870,2024-09-09,Late Delivery,103.46,43.2,True
RET-001898,ORD-035878,2024-06-16,Wrong Size / Fit,134.84,47.29,True
RET-001899,ORD-035894,2024-07-10,Wrong Size / Fit,58.29,48.58,False
RET-001900,ORD-035971,2024-06-12,Item Defective,239.05,44.15,False
RET-001901,ORD-035979,2024-06-14,Wrong Size / Fit,945.16,40.62,True
RET-001902,ORD-035983,2024-09-16,Wrong Size / Fit,27.0,48.14,True
RET-001903,ORD-035994,2024-09-16,Late Delivery,173.87,39.28,True
RET-001904,ORD-036021,2024-07-19,Wrong Size / Fit,51.49,39.82,True
RET-001905,ORD-036035,2024-04-20,Wrong Size / Fit,364.2,47.01,True
RET-001906,ORD-036047,2024-09-22,Item Defective,128.62,37.14,True
RET-001907,ORD-036049,2024-06-28,Item Defective,91.69,37.74,True
RET-001908,ORD-036062,2024-04-23,Item Defective,586.15,47.07,True
RET-001909,ORD-036124,2024-09-18,Wrong Size / Fit,60.72,49.42,True
RET-001910,ORD-036136,2024-09-23,Wrong Size / Fit,29.46,50.32,True
RET-001911,ORD-036150,2024-10-05,Buyer Remorse,37.23,50.76,False
RET-001912,ORD-036172,2024-05-16,Wrong Size / Fit,187.49,46.23,True
RET-001913,ORD-036243,2024-06-20,Wrong Size / Fit,500.33,42.6,True
RET-001914,ORD-036271,2024-08-31,Late Delivery,15.03,42.36,True
RET-001915,ORD-036287,2024-06-25,Wrong Size / Fit,198.93,47.09,True
RET-001916,ORD-036292,2024-10-07,Item Defective,855.47,38.35,True
RET-001917,ORD-036303,2024-05-31,Late Delivery,100.12,35.47,True
RET-001918,ORD-036330,2024-09-06,Wrong Size / Fit,46.9,35.75,True
RET-001919,ORD-036367,2024-06-27,Item Defective,137.63,42.79,True
RET-001920,ORD-036368,2024-09-30,Late Delivery,264.81,50.1,True
RET-001921,ORD-036382,2024-06-16,Late Delivery,140.26,48.35,True
RET-001922,ORD-036387,2024-04-21,Wrong Size / Fit,71.59,36.67,False
RET-001923,ORD-036445,2024-07-07,Wrong Size / Fit,115.77,48.8,True
RET-001924,ORD-036452,2024-09-16,Wrong Size / Fit,198.87,47.73,True
RET-001925,ORD-036473,2024-08-28,Wrong Size / Fit,357.99,48.85,True
RET-001926,ORD-036520,2024-09-25,Late Delivery,77.21,41.3,True
RET-001927,ORD-036527,2024-05-14,Item Defective,135.19,37.65,True
RET-001928,ORD-036535,2024-08-02,Wrong Size / Fit,181.24,48.04,True
RET-001929,ORD-036538,2024-07-23,Wrong Size / Fit,54.47,45.81,True
RET-001930,ORD-036551,2024-07-06,Item Defective,27.73,44.87,True
RET-001931,ORD-036552,2024-07-16,Buyer Remorse,82.08,50.79,True
RET-001932,ORD-036577,2024-08-01,Late Delivery,77.03,44.26,True
RET-001933,ORD-036579,2024-05-02,Item Defective,142.95,44.56,True
RET-001934,ORD-036584,2024-09-26,Wrong Size / Fit,125.53,41.18,True
RET-001935,ORD-036618,2024-08-04,Buyer Remorse,99.72,46.61,True
RET-001936,ORD-036625,2024-05-29,Wrong Size / Fit,194.04,50.07,False
RET-001937,ORD-036628,2024-08-16,Item Defective,38.95,38.52,True
RET-001938,ORD-036651,2024-08-06,Item Defective,170.47,46.44,False
RET-001939,ORD-036664,2024-05-29,Wrong Size / Fit,150.28,49.73,True
RET-001940,ORD-036689,2024-05-14,Wrong Size / Fit,379.02,43.3,True
RET-001941,ORD-036726,2024-07-23,Wrong Size / Fit,71.04,35.97,True
RET-001942,ORD-036744,2024-06-29,Wrong Size / Fit,436.27,37.78,True
RET-001943,ORD-036745,2024-08-22,Item Defective,18.31,48.73,False
RET-001944,ORD-036779,2024-08-14,Item Defective,52.69,47.99,True
RET-001945,ORD-036780,2024-09-11,Late Delivery,68.07,37.18,True
RET-001946,ORD-036788,2024-06-15,Wrong Size / Fit,471.61,37.82,True
RET-001947,ORD-036790,2024-06-14,Late Delivery,529.6,35.83,True
RET-001948,ORD-036826,2024-06-25,Item Defective,79.52,43.16,True
RET-001949,ORD-036829,2024-09-22,Wrong Size / Fit,363.54,37.96,True
RET-001950,ORD-036856,2024-05-22,Item Defective,18.87,39.93,True
RET-001951,ORD-036885,2024-07-01,Item Defective,144.91,36.46,True
RET-001952,ORD-036886,2024-05-12,Item Defective,78.64,37.62,False
RET-001953,ORD-036951,2024-06-05,Wrong Size / Fit,497.23,48.86,True
RET-001954,ORD-036959,2024-07-25,Item Defective,214.8,42.18,True
RET-001955,ORD-036975,2024-06-25,Late Delivery,249.94,35.82,True
RET-001956,ORD-036982,2024-08-02,Item Defective,27.6,42.91,False
RET-001957,ORD-036991,2024-04-13,Late Delivery,302.37,42.45,True
RET-001958,ORD-037067,2024-09-10,Item Defective,180.94,49.91,True
RET-001959,ORD-037093,2024-05-27,Item Defective,63.25,48.82,True
RET-001960,ORD-037096,2024-04-16,Late Delivery,506.73,47.6,False
RET-001961,ORD-037120,2024-08-30,Wrong Size / Fit,90.92,45.66,True
RET-001962,ORD-037145,2024-09-17,Wrong Size / Fit,175.71,38.27,True
RET-001963,ORD-037151,2024-05-08,Item Defective,381.03,46.49,True
RET-001964,ORD-037153,2024-07-08,Wrong Size / Fit,26.49,50.87,False
RET-001965,ORD-037159,2024-06-18,Item Defective,108.38,38.4,True
RET-001966,ORD-037176,2024-05-25,Late Delivery,54.22,41.13,True
RET-001967,ORD-037210,2024-09-02,Late Delivery,112.99,47.17,True
RET-001968,ORD-037222,2024-04-23,Item Defective,166.0,49.26,True
RET-001969,ORD-037224,2024-08-29,Late Delivery,58.54,41.31,True
RET-001970,ORD-037240,2024-08-11,Wrong Size / Fit,120.11,51.2,True
RET-001971,ORD-037264,2024-07-16,Wrong Size / Fit,79.94,36.06,True
RET-001972,ORD-037269,2024-07-25,Late Delivery,45.42,48.1,False
RET-001973,ORD-037284,2024-08-09,Wrong Size / Fit,232.99,41.71,True
RET-001974,ORD-037334,2024-05-26,Late Delivery,15.8,35.77,True
RET-001975,ORD-037340,2024-06-11,Late Delivery,188.9,37.58,True
RET-001976,ORD-037383,2024-04-25,Wrong Size / Fit,185.54,46.54,False
RET-001977,ORD-037398,2024-08-04,Wrong Size / Fit,197.48,47.14,True
RET-001978,ORD-037426,2024-08-03,Buyer Remorse,162.26,41.26,True
RET-001979,ORD-037463,2024-09-17,Wrong Size / Fit,58.51,49.72,True
RET-001980,ORD-037476,2024-06-18,Late Delivery,1208.18,41.22,True
RET-001981,ORD-037477,2024-05-20,Item Defective,359.69,51.3,True
RET-001982,ORD-037495,2024-05-07,Wrong Size / Fit,384.84,50.01,True
RET-001983,ORD-037497,2024-04-19,Wrong Size / Fit,36.87,44.56,False
RET-001984,ORD-037505,2024-09-24,Wrong Size / Fit,106.05,49.12,True
RET-001985,ORD-037531,2024-05-03,Wrong Size / Fit,238.2,37.37,True
RET-001986,ORD-037567,2024-05-01,Wrong Size / Fit,294.58,43.51,True
RET-001987,ORD-037575,2024-06-28,Wrong Size / Fit,82.22,41.96,True
RET-001988,ORD-037621,2024-05-17,Late Delivery,36.8,45.97,True
RET-001989,ORD-037632,2024-04-13,Item Defective,164.4,43.8,True
RET-001990,ORD-037650,2024-06-09,Item Defective,653.05,41.67,True
RET-001991,ORD-037665,2024-06-16,Wrong Size / Fit,183.2,49.07,True
RET-001992,ORD-037701,2024-07-01,Item Defective,195.93,46.37,True
RET-001993,ORD-037711,2024-08-15,Late Delivery,25.84,35.62,True
RET-001994,ORD-037719,2024-07-25,Buyer Remorse,367.78,38.1,True
RET-001995,ORD-037721,2024-05-19,Wrong Size / Fit,280.73,44.88,True
RET-001996,ORD-037787,2024-04-11,Item Defective,59.1,40.05,True
RET-001997,ORD-037789,2024-09-10,Wrong Size / Fit,352.16,47.13,True
RET-001998,ORD-037801,2024-04-16,Late Delivery,145.48,36.46,True
RET-001999,ORD-037802,2024-10-02,Wrong Size / Fit,363.92,40.22,True
RET-002000,ORD-037823,2024-06-06,Buyer Remorse,26.96,48.53,True
RET-002001,ORD-037849,2024-09-12,Wrong Size / Fit,116.54,35.85,False
RET-002002,ORD-037852,2024-07-15,Wrong Size / Fit,38.98,39.63,True
RET-002003,ORD-037867,2024-04-20,Late Delivery,197.81,37.55,True
RET-002004,ORD-037872,2024-06-11,Buyer Remorse,27.0,51.39,False
RET-002005,ORD-037873,2024-05-12,Buyer Remorse,187.21,45.87,True
RET-002006,ORD-037876,2024-05-03,Item Defective,37.47,42.2,True
RET-002007,ORD-037895,2024-04-14,Wrong Size / Fit,134.01,47.97,True
RET-002008,ORD-037915,2024-05-25,Item Defective,30.92,37.88,True
RET-002009,ORD-037918,2024-08-07,Wrong Size / Fit,179.35,38.23,True
RET-002010,ORD-037933,2024-08-29,Buyer Remorse,27.17,47.36,True
RET-002011,ORD-037936,2024-09-07,Item Defective,351.94,51.57,True
RET-002012,ORD-037952,2024-09-02,Item Defective,172.64,47.92,True
RET-002013,ORD-037962,2024-10-01,Item Defective,175.36,51.77,True
RET-002014,ORD-037988,2024-06-30,Wrong Size / Fit,81.55,39.64,True
RET-002015,ORD-037993,2024-09-12,Wrong Size / Fit,307.85,44.45,True
RET-002016,ORD-038017,2024-06-23,Wrong Size / Fit,306.4,41.49,True
RET-002017,ORD-038027,2024-09-05,Late Delivery,93.54,35.72,True
RET-002018,ORD-038048,2024-05-20,Late Delivery,223.99,49.39,True
RET-002019,ORD-038053,2024-06-25,Buyer Remorse,538.45,36.24,True
RET-002020,ORD-038063,2024-08-09,Late Delivery,14.83,35.74,True
RET-002021,ORD-038067,2024-06-05,Buyer Remorse,138.38,46.92,True
RET-002022,ORD-038088,2024-05-07,Wrong Size / Fit,1064.44,44.28,True
RET-002023,ORD-038129,2024-06-12,Item Defective,30.96,45.69,False
RET-002024,ORD-038158,2024-07-12,Wrong Size / Fit,150.03,36.28,True
RET-002025,ORD-038159,2024-05-18,Item Defective,121.71,49.41,True
RET-002026,ORD-038193,2024-07-13,Item Defective,44.7,47.71,True
RET-002027,ORD-038252,2024-06-19,Item Defective,18.95,45.0,False
RET-002028,ORD-038312,2024-04-21,Buyer Remorse,137.96,38.35,True
RET-002029,ORD-038331,2024-04-29,Buyer Remorse,663.14,48.2,True
RET-002030,ORD-038347,2024-08-23,Late Delivery,84.06,43.94,True
RET-002031,ORD-038373,2024-09-10,Late Delivery,334.4,38.62,True
RET-002032,ORD-038399,2024-06-30,Wrong Size / Fit,54.99,39.12,False
RET-002033,ORD-038401,2024-06-03,Late Delivery,279.89,45.81,True
RET-002034,ORD-038408,2024-05-28,Buyer Remorse,97.78,44.68,True
RET-002035,ORD-038409,2024-06-24,Buyer Remorse,284.33,39.52,True
RET-002036,ORD-038422,2024-07-15,Late Delivery,448.15,35.59,False
RET-002037,ORD-038430,2024-07-24,Wrong Size / Fit,427.36,48.86,True
RET-002038,ORD-038431,2024-04-06,Late Delivery,271.33,49.11,True
RET-002039,ORD-038434,2024-10-02,Item Defective,71.86,47.15,True
RET-002040,ORD-038449,2024-05-07,Item Defective,63.18,36.05,True
RET-002041,ORD-038486,2024-05-06,Wrong Size / Fit,390.19,45.21,True
RET-002042,ORD-038519,2024-06-18,Item Defective,378.64,36.98,False
RET-002043,ORD-038532,2024-08-27,Wrong Size / Fit,264.52,47.11,True
RET-002044,ORD-038578,2024-09-10,Late Delivery,310.58,48.85,True
RET-002045,ORD-038588,2024-07-17,Wrong Size / Fit,338.61,51.73,True
RET-002046,ORD-038597,2024-05-03,Item Defective,54.86,46.71,True
RET-002047,ORD-038634,2024-09-05,Wrong Size / Fit,27.04,49.54,True
RET-002048,ORD-038648,2024-05-18,Item Defective,31.66,51.31,True
RET-002049,ORD-038695,2024-04-07,Wrong Size / Fit,19.02,45.26,True
RET-002050,ORD-038735,2024-07-17,Wrong Size / Fit,531.93,51.43,True
RET-002051,ORD-038753,2024-08-09,Item Defective,80.56,50.27,True
RET-002052,ORD-038763,2024-05-05,Item Defective,86.83,36.01,True
RET-002053,ORD-038806,2024-08-25,Item Defective,268.18,48.56,True
RET-002054,ORD-038816,2024-07-03,Late Delivery,875.52,46.7,False
RET-002055,ORD-038822,2024-09-22,Wrong Size / Fit,59.02,42.2,True
RET-002056,ORD-038849,2024-06-20,Buyer Remorse,76.22,41.06,True
RET-002057,ORD-038856,2024-08-08,Late Delivery,79.51,50.8,True
RET-002058,ORD-038889,2024-07-31,Wrong Size / Fit,232.1,44.92,False
RET-002059,ORD-038894,2024-08-19,Wrong Size / Fit,874.18,44.23,True
RET-002060,ORD-038999,2024-07-29,Late Delivery,187.77,51.91,True
RET-002061,ORD-039008,2024-05-30,Late Delivery,82.73,45.66,True
RET-002062,ORD-039020,2024-07-21,Late Delivery,37.41,40.93,True
RET-002063,ORD-039033,2024-05-07,Item Defective,170.14,44.87,True
RET-002064,ORD-039052,2024-07-19,Item Defective,35.9,40.83,True
RET-002065,ORD-039055,2024-06-01,Wrong Size / Fit,186.32,43.3,True
RET-002066,ORD-039074,2024-06-15,Wrong Size / Fit,216.34,35.51,True
RET-002067,ORD-039119,2024-05-14,Late Delivery,54.52,37.59,True
RET-002068,ORD-039145,2024-06-03,Wrong Size / Fit,336.3,41.14,True
RET-002069,ORD-039191,2024-07-24,Wrong Size / Fit,79.16,40.31,False
RET-002070,ORD-039193,2024-05-08,Late Delivery,1002.6,47.19,True
RET-002071,ORD-039197,2024-05-10,Wrong Size / Fit,142.16,46.59,False
RET-002072,ORD-039210,2024-08-11,Buyer Remorse,900.0,48.74,True
RET-002073,ORD-039215,2024-04-18,Wrong Size / Fit,257.43,38.71,True
RET-002074,ORD-039233,2024-05-08,Wrong Size / Fit,476.77,49.74,True
RET-002075,ORD-039237,2024-06-18,Wrong Size / Fit,558.52,47.98,True
RET-002076,ORD-039241,2024-08-28,Buyer Remorse,187.01,37.08,True
RET-002077,ORD-039245,2024-04-20,Buyer Remorse,19.08,46.73,False
RET-002078,ORD-039252,2024-08-24,Item Defective,90.44,44.73,True
RET-002079,ORD-039262,2024-04-12,Item Defective,402.43,42.67,True
RET-002080,ORD-039293,2024-06-06,Wrong Size / Fit,545.54,36.5,True
RET-002081,ORD-039295,2024-06-24,Item Defective,59.98,46.21,True
RET-002082,ORD-039312,2024-08-23,Buyer Remorse,62.41,48.34,False
RET-002083,ORD-039313,2024-09-26,Late Delivery,347.29,51.12,True
RET-002084,ORD-039331,2024-06-08,Item Defective,169.24,44.23,True
RET-002085,ORD-039333,2024-07-18,Buyer Remorse,426.19,50.81,True
RET-002086,ORD-039337,2024-05-01,Late Delivery,261.82,38.84,True
RET-002087,ORD-039339,2024-09-29,Late Delivery,58.95,42.85,True
RET-002088,ORD-039363,2024-05-13,Wrong Size / Fit,517.67,47.93,True
RET-002089,ORD-039371,2024-06-08,Item Defective,188.95,50.37,True
RET-002090,ORD-039377,2024-08-08,Wrong Size / Fit,418.65,36.37,False
RET-002091,ORD-039428,2024-08-27,Wrong Size / Fit,881.99,45.91,True
RET-002092,ORD-039472,2024-07-27,Wrong Size / Fit,18.45,41.59,True
RET-002093,ORD-039483,2024-07-13,Late Delivery,104.95,46.42,True
RET-002094,ORD-039513,2024-06-13,Item Defective,310.48,36.44,True
RET-002095,ORD-039538,2024-06-07,Item Defective,441.31,38.1,True
RET-002096,ORD-039542,2024-07-25,Item Defective,27.61,50.38,True
RET-002097,ORD-039592,2024-07-20,Item Defective,584.4,39.0,True
RET-002098,ORD-039603,2024-07-06,Late Delivery,967.33,38.61,True
RET-002099,ORD-039648,2024-09-17,Late Delivery,215.88,39.35,True
RET-002100,ORD-039660,2024-09-24,Item Defective,55.31,41.89,True
RET-002101,ORD-039686,2024-07-12,Wrong Size / Fit,177.09,48.91,True
RET-002102,ORD-039689,2024-09-26,Buyer Remorse,77.13,42.41,True
RET-002103,ORD-039696,2024-06-06,Late Delivery,62.68,35.78,True
RET-002104,ORD-039708,2024-05-06,Late Delivery,134.94,38.26,False
RET-002105,ORD-039725,2024-09-08,Wrong Size / Fit,35.32,40.08,True
RET-002106,ORD-039807,2024-06-16,Item Defective,135.51,47.79,True
RET-002107,ORD-039817,2024-06-13,Late Delivery,958.93,37.26,False
RET-002108,ORD-039834,2024-09-13,Late Delivery,87.32,40.62,True
RET-002109,ORD-039844,2024-09-18,Late Delivery,71.76,50.1,True
RET-002110,ORD-039905,2024-07-24,Wrong Size / Fit,79.47,40.64,True
RET-002111,ORD-039920,2024-07-02,Item Defective,61.19,49.89,True
RET-002112,ORD-039934,2024-04-21,Wrong Size / Fit,94.19,50.93,True
RET-002113,ORD-039963,2024-04-11,Item Defective,362.62,46.08,True
RET-002114,ORD-039974,2024-08-30,Late Delivery,56.63,41.04,True
RET-002115,ORD-039978,2024-04-27,Wrong Size / Fit,383.74,41.52,True
RET-002116,ORD-039990,2024-09-25,Wrong Size / Fit,136.56,38.89,True
RET-002117,ORD-040000,2024-04-30,Item Defective,514.7,42.36,True
